network,project,project_pipeline_id,project_shape_type,shape,shape_type,state_abbr
Cherry Road Community News ,CR Community News - AL - The Clayton Record ,7026,county,Bakerhill,city,AL
Cherry Road Community News ,CR Community News - AL - The Clayton Record ,7026,county,Barbour,county,AL
Cherry Road Community News ,CR Community News - AL - The Clayton Record ,7026,county,Clayton,city,AL
Cherry Road Community News ,CR Community News - AL - The Clayton Record ,7026,county,Clio,city,AL
Cherry Road Community News ,CR Community News - AL - The Clayton Record ,7026,county,Comer,city,GA
Cherry Road Community News ,CR Community News - AL - The Clayton Record ,7026,county,Eufaula,city,AL
Cherry Road Community News ,CR Community News - AL - The Clayton Record ,7026,county,Georgetown,city,GA
Cherry Road Community News ,CR Community News - AL - The Clayton Record ,7026,county,Louisville,city,AL
Cherry Road Community News ,CR Community News - AR - Areawide News,7027,precinct,Ash Flat,city,AR
Cherry Road Community News ,CR Community News - AR - Areawide News,7027,precinct,Calico Rock,city,AR
Cherry Road Community News ,CR Community News - AR - Areawide News,7027,precinct,Camp,neighborhood,AR
Cherry Road Community News ,CR Community News - AR - Areawide News,7027,precinct,Cave City,city,AR
Cherry Road Community News ,CR Community News - AR - Areawide News,7027,precinct,Cherokee Village,precinct,AR
Cherry Road Community News ,CR Community News - AR - Areawide News,7027,precinct,Elizabeth,neighborhood,AR
Cherry Road Community News ,CR Community News - AR - Areawide News,7027,precinct, Evening Shade,precinct,AR
Cherry Road Community News ,CR Community News - AR - Areawide News,7027,precinct, Franklin,precinct,AR
Cherry Road Community News ,CR Community News - AR - Areawide News,7027,precinct,Gepp,neighborhood,AR
Cherry Road Community News ,CR Community News - AR - Areawide News,7027,precinct,Guion,city,AR
Cherry Road Community News ,CR Community News - AR - Areawide News,7027,precinct,Hardy,precinct,AR
Cherry Road Community News ,CR Community News - AR - Areawide News,7027,precinct,Highland,precinct,AR
Cherry Road Community News ,CR Community News - AR - Areawide News,7027,precinct,Horseshoe Bend,city,AR
Cherry Road Community News ,CR Community News - AR - Areawide News,7027,precinct,Mammoth Spring,city,AR
Cherry Road Community News ,CR Community News - AR - Areawide News,7027,precinct,Melbourne,city,AR
Cherry Road Community News ,CR Community News - AR - Areawide News,7027,precinct,Mount Olive,city,AR
Cherry Road Community News ,CR Community News - AR - Areawide News,7027,precinct,Mount Pleasant,neighborhood,AR
Cherry Road Community News ,CR Community News - AR - Areawide News,7027,precinct,Oxford,city,AR
Cherry Road Community News ,CR Community News - AR - Areawide News,7027,precinct,Ozark Acres,city,AR
Cherry Road Community News ,CR Community News - AR - Areawide News,7027,precinct,Pineville,city,AR
Cherry Road Community News ,CR Community News - AR - Areawide News,7027,precinct, Salem,precinct,AR
Cherry Road Community News ,CR Community News - AR - Areawide News,7027,precinct,Sidney,city,AR
Cherry Road Community News ,CR Community News - AR - Areawide News,7027,precinct,Sturkie,neighborhood,AR
Cherry Road Community News ,CR Community News - AR - Areawide News,7027,precinct,Union,precinct,AR
Cherry Road Community News ,CR Community News - AR - Areawide News,7027,precinct,Viola,city,AR
Cherry Road Community News ,CR Community News - AR - Areawide News,7027,precinct,Violet Hill,city,AR
Cherry Road Community News ,CR Community News - AR - Areawide News,7027,precinct,Violet Hill,neighborhood,AR
Cherry Road Community News ,CR Community News - AR - Areawide News,7027,precinct,Wheeling,neighborhood,AR
Cherry Road Community News ,CR Community News - AR - Areawide News,7027,precinct,Williford,city,AR
Cherry Road Community News ,CR Community News - AR - Clay County Courier,7031,city,Clay,county,AR
Cherry Road Community News ,CR Community News - AR - Clay County Courier,7031,city,Corning,city,AR
Cherry Road Community News ,CR Community News - AR - Clay County Courier,7031,city,Datto,city,AR
Cherry Road Community News ,CR Community News - AR - Clay County Courier,7031,city,Knobel,city,AR
Cherry Road Community News ,CR Community News - AR - Clay County Courier,7031,city,McDougal,city,AR
Cherry Road Community News ,CR Community News - AR - Clay County Courier,7031,city,Peach Orchard,city,AR
Cherry Road Community News ,CR Community News - AR - Clay County Courier,7031,city,Success,city,AR
Cherry Road Community News ,CR Community News - AR - Clay County Times-Democrat,7028,county,Clay,county,AR
Cherry Road Community News ,CR Community News - AR - Clay County Times-Democrat,7028,county,Corning,city,AR
Cherry Road Community News ,CR Community News - AR - Clay County Times-Democrat,7028,county,Greenway,city,AR
Cherry Road Community News ,CR Community News - AR - Clay County Times-Democrat,7028,county, Liddell & chalk Bluff,precinct,AR
Cherry Road Community News ,CR Community News - AR - Clay County Times-Democrat,7028,county,Nimmons,city,AR
Cherry Road Community News ,CR Community News - AR - Clay County Times-Democrat,7028,county,Piggott,city,AR
Cherry Road Community News ,CR Community News - AR - Clay County Times-Democrat,7028,county,Pollard,city,AL
Cherry Road Community News ,CR Community News - AR - Clay County Times-Democrat,7028,county,Rector,city,AR
Cherry Road Community News ,CR Community News - AR - Clay County Times-Democrat,7028,county,St. Francis,city,AR
Cherry Road Community News ,CR Community News - AR - Marshall Mountain Wave,7029,city,Big Flat,city,AR
Cherry Road Community News ,CR Community News - AR - Marshall Mountain Wave,7029,city,Gilbert,city,AR
Cherry Road Community News ,CR Community News - AR - Marshall Mountain Wave,7029,city,Leslie,city,AR
Cherry Road Community News ,CR Community News - AR - Marshall Mountain Wave,7029,city,Marshall,city,AR
Cherry Road Community News ,CR Community News - AR - Marshall Mountain Wave,7029,city,Pindall,city,AR
Cherry Road Community News ,CR Community News - AR - Marshall Mountain Wave,7029,city,Searcy,county,AR
Cherry Road Community News ,CR Community News - AR - Marshall Mountain Wave,7029,city,St. Joe,city,AR
Cherry Road Community News ,CR Community News - AR - Marshall Mountain Wave,7029,city,Witts Springs,city,AR
Cherry Road Community News ,CR Community News - AR - Pocahontas Star Herald,7030,city,Biggers,city,AR
Cherry Road Community News ,CR Community News - AR - Pocahontas Star Herald,7030,city,Maynard,city,AR
Cherry Road Community News ,CR Community News - AR - Pocahontas Star Herald,7030,city,O'Kean,city,AR
Cherry Road Community News ,CR Community News - AR - Pocahontas Star Herald,7030,city,Pocahontas,city,AR
Cherry Road Community News ,CR Community News - AR - Pocahontas Star Herald,7030,city,Randolph,county,AR
Cherry Road Community News ,CR Community News - AR - Pocahontas Star Herald,7030,city,Ravenden Springs,city,AR
Cherry Road Community News ,CR Community News - AR - Pocahontas Star Herald,7030,city,Reyno,city,AR
Cherry Road Community News ,CR Community News - AR - Pocahontas Star Herald,7030,city,Warm Springs,city,AR
Cherry Road Community News ,CR Community News - CO - Bent County Democrat,7032,county,Bent,county,CO
Cherry Road Community News ,CR Community News - CO - Bent County Democrat,7032,county,Hasty,city,CO
Cherry Road Community News ,CR Community News - CO - Bent County Democrat,7032,county,Las Animas,city,CO
Cherry Road Community News ,CR Community News - CO - Bent County Democrat,7032,county,McClave,city,CO
Cherry Road Community News ,CR Community News - CO - La Junta Tribune-Democrat,7033,city,Cheraw,city,CO
Cherry Road Community News ,CR Community News - CO - La Junta Tribune-Democrat,7033,city,Fowler,city,CO
Cherry Road Community News ,CR Community News - CO - La Junta Tribune-Democrat,7033,city,La Junta,city,CO
Cherry Road Community News ,CR Community News - CO - La Junta Tribune-Democrat,7033,city,La Junta Gardens,city,CO
Cherry Road Community News ,CR Community News - CO - La Junta Tribune-Democrat,7033,city,Manzanola,city,CO
Cherry Road Community News ,CR Community News - CO - La Junta Tribune-Democrat,7033,city,North La Junta,city,CO
Cherry Road Community News ,CR Community News - CO - La Junta Tribune-Democrat,7033,city,Otero,county,CO
Cherry Road Community News ,CR Community News - CO - La Junta Tribune-Democrat,7033,city,Rocky Ford,city,CO
Cherry Road Community News ,CR Community News - CO - La Junta Tribune-Democrat,7033,city,Swink,city,CO
Cherry Road Community News ,CR Community News - GA - The Claxton Enterprise,6972,city,Bellville,city,GA
Cherry Road Community News ,CR Community News - GA - The Claxton Enterprise,6972,city,Claxton,city,GA
Cherry Road Community News ,CR Community News - GA - The Claxton Enterprise,6972,city,Daisy,city,GA
Cherry Road Community News ,CR Community News - GA - The Claxton Enterprise,6972,city,Evans,county,GA
Cherry Road Community News ,CR Community News - GA - The Claxton Enterprise,6972,city,Hagan,city,GA
Cherry Road Community News ,CR Community News - IA - The Hamburg Reporter,7040,county,Anderson,city,IA
Cherry Road Community News ,CR Community News - IA - The Hamburg Reporter,7040,county,Bartlett,city,IA
Cherry Road Community News ,CR Community News - IA - The Hamburg Reporter,7040,county,Farragut,city,IA
Cherry Road Community News ,CR Community News - IA - The Hamburg Reporter,7040,county,Fremont,county,IA
Cherry Road Community News ,CR Community News - IA - The Hamburg Reporter,7040,county,Hamburg,city,IA
Cherry Road Community News ,CR Community News - IA - The Hamburg Reporter,7040,county,Imogene,city,IA
Cherry Road Community News ,CR Community News - IA - The Hamburg Reporter,7040,county,Percival,city,IA
Cherry Road Community News ,CR Community News - IA - The Hamburg Reporter,7040,county,Randolph,city,IA
Cherry Road Community News ,CR Community News - IA - The Hamburg Reporter,7040,county,Riverton,city,IA
Cherry Road Community News ,CR Community News - IA - The Hamburg Reporter,7040,county,Shenandoah,city,IA
Cherry Road Community News ,CR Community News - IA - The Hamburg Reporter,7040,county,Sidney,city,IA
Cherry Road Community News ,CR Community News - IA - The Hamburg Reporter,7040,county,Tabor,city,IA
Cherry Road Community News ,CR Community News - IA - The Hamburg Reporter,7040,county,Thurman,city,IA
Cherry Road Community News ,CR Community News - ID - The Star News,7034,city,Cascade,city,ID
Cherry Road Community News ,CR Community News - ID - The Star News,7034,city,Donnelly,city,ID
Cherry Road Community News ,CR Community News - ID - The Star News,7034,city,McCall,city,ID
Cherry Road Community News ,CR Community News - ID - The Star News,7034,city,Smiths Ferry,city,ID
Cherry Road Community News ,CR Community News - ID - The Star News,7034,city,Valley,county,ID
Cherry Road Community News ,CR Community News - ID - The Star News,7034,city,Yellow Pine,city,ID
Cherry Road Community News ,CR Community News - IL - Cass County Star-Gazette,7035,city,Arenzville,city,IL
Cherry Road Community News ,CR Community News - IL - Cass County Star-Gazette,7035,city,Ashland,city,IL
Cherry Road Community News ,CR Community News - IL - Cass County Star-Gazette,7035,city,Beardstown,city,IL
Cherry Road Community News ,CR Community News - IL - Cass County Star-Gazette,7035,city,Cass,county,IL
Cherry Road Community News ,CR Community News - IL - Cass County Star-Gazette,7035,city,Chandlerville,city,IL
Cherry Road Community News ,CR Community News - IL - Cass County Star-Gazette,7035,city,Virginia,city,IL
Cherry Road Community News ,CR Community News - IN - Register Publications,7036,county,Aurora,city,IN
Cherry Road Community News ,CR Community News - IN - Register Publications,7036,county,Bright,city,IN
Cherry Road Community News ,CR Community News - IN - Register Publications,7036,county,Dearborn,county,IN
Cherry Road Community News ,CR Community News - IN - Register Publications,7036,county,Dillsboro,city,IN
Cherry Road Community News ,CR Community News - IN - Register Publications,7036,county,Greendale,city,IN
Cherry Road Community News ,CR Community News - IN - Register Publications,7036,county,Harrison,city,OH
Cherry Road Community News ,CR Community News - IN - Register Publications,7036,county,Hidden Valley,city,IN
Cherry Road Community News ,CR Community News - IN - Register Publications,7036,county,Lawrenceburg,city,IN
Cherry Road Community News ,CR Community News - IN - Register Publications,7036,county,Moores Hill,city,IN
Cherry Road Community News ,CR Community News - IN - Register Publications,7036,county,Ohio,county,IN
Cherry Road Community News ,CR Community News - IN - Register Publications,7036,county,St. Leon,city,IN
Cherry Road Community News ,CR Community News - IN - Register Publications,7036,county,West Harrison,city,IN
Cherry Road Community News ,CR Community News - IN - The Alexandria Times-Tribune,7039,city,Alexandria,city,IN
Cherry Road Community News ,CR Community News - IN - The Alexandria Times-Tribune,7039,city,Madison,county,IN
Cherry Road Community News ,CR Community News - IN - The Alexandria Times-Tribune,7039,city,Orestes,city,IN
Cherry Road Community News ,CR Community News - IN - The Call-Leader,7038,city,Elwood,city,IN
Cherry Road Community News ,CR Community News - IN - The Call-Leader,7038,city,Frankton,city,IN
Cherry Road Community News ,CR Community News - IN - The Call-Leader,7038,city,Hobbs,neighborhood,IN
Cherry Road Community News ,CR Community News - IN - The Call-Leader,7038,city,Madison,county,IN
Cherry Road Community News ,CR Community News - IN - The Call-Leader,7038,city,New Lancaster,neighborhood,IN
Cherry Road Community News ,CR Community News - IN - Tipton County Tribune ,7037,county,Elwood,city,IN
Cherry Road Community News ,CR Community News - IN - Tipton County Tribune ,7037,county,Kempton,city,IN
Cherry Road Community News ,CR Community News - IN - Tipton County Tribune ,7037,county,Sharpsville,city,IN
Cherry Road Community News ,CR Community News - IN - Tipton County Tribune ,7037,county,Tipton,city,IN
Cherry Road Community News ,CR Community News - IN - Tipton County Tribune ,7037,county,Tipton,county,IN
Cherry Road Community News ,CR Community News - IN - Tipton County Tribune ,7037,county,West Elwood,neighborhood,IN
Cherry Road Community News ,CR Community News - IN - Tipton County Tribune ,7037,county,Windfall City,city,IN
Cherry Road Community News ,CR Community News - KS - Atchison Globe,7046,city,Arrington,neighborhood,KS
Cherry Road Community News ,CR Community News - KS - Atchison Globe,7046,city,Atchison,city,KS
Cherry Road Community News ,CR Community News - KS - Atchison Globe,7046,city,Atchison,county,KS
Cherry Road Community News ,CR Community News - KS - Atchison Globe,7046,city,Cummings,neighborhood,KS
Cherry Road Community News ,CR Community News - KS - Atchison Globe,7046,city,Effingham,city,KS
Cherry Road Community News ,CR Community News - KS - Atchison Globe,7046,city,Farmington,neighborhood,KS
Cherry Road Community News ,CR Community News - KS - Atchison Globe,7046,city,Good Intent,neighborhood,KS
Cherry Road Community News ,CR Community News - KS - Atchison Globe,7046,city,Huron,city,KS
Cherry Road Community News ,CR Community News - KS - Atchison Globe,7046,city,Kennekuk,neighborhood,KS
Cherry Road Community News ,CR Community News - KS - Atchison Globe,7046,city,Lancaster,city,KS
Cherry Road Community News ,CR Community News - KS - Atchison Globe,7046,city,Larkinburg,neighborhood,KS
Cherry Road Community News ,CR Community News - KS - Atchison Globe,7046,city,Monrovia,neighborhood,KS
Cherry Road Community News ,CR Community News - KS - Atchison Globe,7046,city,Muscotah,city,KS
Cherry Road Community News ,CR Community News - KS - Atchison Globe,7046,city,Oak Mills,neighborhood,KS
Cherry Road Community News ,CR Community News - KS - Atchison Globe,7046,city,Parnell,neighborhood,KS
Cherry Road Community News ,CR Community News - KS - Atchison Globe,7046,city,Port Williams,neighborhood,KS
Cherry Road Community News ,CR Community News - KS - Atchison Globe,7046,city,Potter,neighborhood,KS
Cherry Road Community News ,CR Community News - KS - Atchison Globe,7046,city,Shannon,neighborhood,KS
Cherry Road Community News ,CR Community News - KS - Butler County Times-Gazette,7047,city,Andover,city,KS
Cherry Road Community News ,CR Community News - KS - Butler County Times-Gazette,7047,city,Augusta,city,KS
Cherry Road Community News ,CR Community News - KS - Butler County Times-Gazette,7047,city,Beaumont,city,KS
Cherry Road Community News ,CR Community News - KS - Butler County Times-Gazette,7047,city,Benton,city,KS
Cherry Road Community News ,CR Community News - KS - Butler County Times-Gazette,7047,city,Butler,county,KS
Cherry Road Community News ,CR Community News - KS - Butler County Times-Gazette,7047,city,Cassoday,city,KS
Cherry Road Community News ,CR Community News - KS - Butler County Times-Gazette,7047,city,Douglass,city,KS
Cherry Road Community News ,CR Community News - KS - Butler County Times-Gazette,7047,city,Elbing,city,KS
Cherry Road Community News ,CR Community News - KS - Butler County Times-Gazette,7047,city,El Dorado,city,KS
Cherry Road Community News ,CR Community News - KS - Butler County Times-Gazette,7047,city,Latham,city,KS
Cherry Road Community News ,CR Community News - KS - Butler County Times-Gazette,7047,city,Leon,city,KS
Cherry Road Community News ,CR Community News - KS - Butler County Times-Gazette,7047,city,Potwin,city,KS
Cherry Road Community News ,CR Community News - KS - Butler County Times-Gazette,7047,city,Rosalia,city,KS
Cherry Road Community News ,CR Community News - KS - Butler County Times-Gazette,7047,city,Rose Hill,city,KS
Cherry Road Community News ,CR Community News - KS - Butler County Times-Gazette,7047,city,Towanda,city,KS
Cherry Road Community News ,CR Community News - KS - Butler County Times-Gazette,7047,city,Whitewater,city,KS
Cherry Road Community News ,CR Community News - KS - Dodge City Daily Globe,7050,city,Bucklin,city,KS
Cherry Road Community News ,CR Community News - KS - Dodge City Daily Globe,7050,city,Dodge City,city,KS
Cherry Road Community News ,CR Community News - KS - Dodge City Daily Globe,7050,city,Ford,county,KS
Cherry Road Community News ,CR Community News - KS - Dodge City Daily Globe,7050,city,Ford,city,KS
Cherry Road Community News ,CR Community News - KS - Dodge City Daily Globe,7050,city,Fort Dodge,city,KS
Cherry Road Community News ,CR Community News - KS - Dodge City Daily Globe,7050,city,Spearville,city,KS
Cherry Road Community News ,CR Community News - KS - Dodge City Daily Globe,7050,city,Wilroads Gardens,city,KS
Cherry Road Community News ,CR Community News - KS - Dodge City Daily Globe,7050,city,Wright,city,KS
Cherry Road Community News ,CR Community News - KS - Green Acres Publications,7045,state,Kansas,state,KS
Cherry Road Community News ,CR Community News - KS - Hiawatha World,7044,city,Brown,county,KS
Cherry Road Community News ,CR Community News - KS - Hiawatha World,7044,city,Everest,city,KS
Cherry Road Community News ,CR Community News - KS - Hiawatha World,7044,city,Hamlin,city,KS
Cherry Road Community News ,CR Community News - KS - Hiawatha World,7044,city,Hiawatha,city,KS
Cherry Road Community News ,CR Community News - KS - Hiawatha World,7044,city,Horton,city,KS
Cherry Road Community News ,CR Community News - KS - Hiawatha World,7044,city,Morrill,city,KS
Cherry Road Community News ,CR Community News - KS - Hiawatha World,7044,city,Powhattan,neighborhood,KS
Cherry Road Community News ,CR Community News - KS - Hiawatha World,7044,city,Reserve,city,KS
Cherry Road Community News ,CR Community News - KS - Hiawatha World,7044,city,Robinson,city,KS
Cherry Road Community News ,CR Community News - KS - Hiawatha World,7044,city,Sabetha,city,KS
Cherry Road Community News ,CR Community News - KS - Hiawatha World,7044,city,Willis,city,KS
Cherry Road Community News ,CR Community News - KS - Leavenworth Times,7049,city,Basehor,city,KS
Cherry Road Community News ,CR Community News - KS - Leavenworth Times,7049,city,Bonner Springs,city,KS
Cherry Road Community News ,CR Community News - KS - Leavenworth Times,7049,city,Eaton,neighborhood,KS
Cherry Road Community News ,CR Community News - KS - Leavenworth Times,7049,city,Lansing,city,KS
Cherry Road Community News ,CR Community News - KS - Leavenworth Times,7049,city,Leavenworth,county,KS
Cherry Road Community News ,CR Community News - KS - Leavenworth Times,7049,city,Leavenworth,city,KS
Cherry Road Community News ,CR Community News - KS - Leavenworth Times,7049,city,Linwood,city,KS
Cherry Road Community News ,CR Community News - KS - Leavenworth Times,7049,city,Tonganoxie,city,KS
Cherry Road Community News ,CR Community News - KS - McPherson Sentinel,7048,neighborhood,Conway,neighborhood,KS
Cherry Road Community News ,CR Community News - KS - McPherson Sentinel,7048,neighborhood,Elyria,city,KS
Cherry Road Community News ,CR Community News - KS - McPherson Sentinel,7048,neighborhood,Galva,city,KS
Cherry Road Community News ,CR Community News - KS - McPherson Sentinel,7048,neighborhood,Groveland,neighborhood,KS
Cherry Road Community News ,CR Community News - KS - McPherson Sentinel,7048,neighborhood,Inman,city,KS
Cherry Road Community News ,CR Community News - KS - McPherson Sentinel,7048,neighborhood,McPherson,county,KS
Cherry Road Community News ,CR Community News - KS - McPherson Sentinel,7048,neighborhood,McPherson,city,KS
Cherry Road Community News ,CR Community News - KS - Ottawa Herald,7054,city,Centropolis,city,KS
Cherry Road Community News ,CR Community News - KS - Ottawa Herald,7054,city,Franklin,county,KS
Cherry Road Community News ,CR Community News - KS - Ottawa Herald,7054,city,Ottawa,city,KS
Cherry Road Community News ,CR Community News - KS - Ottawa Herald,7054,city,Pomona,city,KS
Cherry Road Community News ,CR Community News - KS - Ottawa Herald,7054,city,Princeton,city,KS
Cherry Road Community News ,CR Community News - KS - Ottawa Herald,7054,city,Rantoul,city,KS
Cherry Road Community News ,CR Community News - KS - Ottawa Herald,7054,city,Wellsville,city,KS
Cherry Road Community News ,CR Community News - KS - Ottawa Herald,7054,city,Williamsburg,city,KS
Cherry Road Community News ,CR Community News - KS - The Garden City Telegram,7052,county,Finney,county,KS
Cherry Road Community News ,CR Community News - KS - The Garden City Telegram,7052,county,Garden City,city,KS
Cherry Road Community News ,CR Community News - KS - The Garden City Telegram,7052,county,Holcomb,city,KS
Cherry Road Community News ,CR Community News - KS - The Garden City Telegram,7052,county,Mansfield,neighborhood,KS
Cherry Road Community News ,CR Community News - KS - The Garden City Telegram,7052,county,Pierceville,city,KS
Cherry Road Community News ,CR Community News - KS - The Garden City Telegram,7052,county,Quinby,neighborhood,KS
Cherry Road Community News ,CR Community News - KS - The Hays Daily News,7053,city,Catharine,city,KS
Cherry Road Community News ,CR Community News - KS - The Hays Daily News,7053,city,Ellis,county,KS
Cherry Road Community News ,CR Community News - KS - The Hays Daily News,7053,city,Ellis,city,KS
Cherry Road Community News ,CR Community News - KS - The Hays Daily News,7053,city,Hays,city,KS
Cherry Road Community News ,CR Community News - KS - The Hays Daily News,7053,city,Munjor,city,KS
Cherry Road Community News ,CR Community News - KS - The Hays Daily News,7053,city,Schoenchen,city,KS
Cherry Road Community News ,CR Community News - KS - The Hays Daily News,7053,city,Victoria,city,KS
Cherry Road Community News ,CR Community News - KS - The Lindsborg News-Record,7041,county,Assaria,city,KS
Cherry Road Community News ,CR Community News - KS - The Lindsborg News-Record,7041,county,Bridgeport,neighborhood,KS
Cherry Road Community News ,CR Community News - KS - The Lindsborg News-Record,7041,county,Crawford,neighborhood,KS
Cherry Road Community News ,CR Community News - KS - The Lindsborg News-Record,7041,county,Falun,city,KS
Cherry Road Community News ,CR Community News - KS - The Lindsborg News-Record,7041,county,Johnstown,neighborhood,KS
Cherry Road Community News ,CR Community News - KS - The Lindsborg News-Record,7041,county,Langley,neighborhood,KS
Cherry Road Community News ,CR Community News - KS - The Lindsborg News-Record,7041,county,Lindsborg,city,KS
Cherry Road Community News ,CR Community News - KS - The Lindsborg News-Record,7041,county,Marquette,city,KS
Cherry Road Community News ,CR Community News - KS - The Lindsborg News-Record,7041,county,McPherson,county,KS
Cherry Road Community News ,CR Community News - KS - The Lindsborg News-Record,7041,county,New Gottland,neighborhood,KS
Cherry Road Community News ,CR Community News - KS - The Lindsborg News-Record,7041,county,Salemsborg,neighborhood,KS
Cherry Road Community News ,CR Community News - KS - The Miami County Republic,7043,city,Bucyrus,city,KS
Cherry Road Community News ,CR Community News - KS - The Miami County Republic,7043,city,Fontana,city,KS
Cherry Road Community News ,CR Community News - KS - The Miami County Republic,7043,city,Hillsdale,city,KS
Cherry Road Community News ,CR Community News - KS - The Miami County Republic,7043,city,Louisburg,city,KS
Cherry Road Community News ,CR Community News - KS - The Miami County Republic,7043,city,Miami,county,KS
Cherry Road Community News ,CR Community News - KS - The Miami County Republic,7043,city,Osawatomie,city,KS
Cherry Road Community News ,CR Community News - KS - The Miami County Republic,7043,city,Paola,city,KS
Cherry Road Community News ,CR Community News - KS - The Miami County Republic,7043,city,Somerset,city,KS
Cherry Road Community News ,CR Community News - KS - The Miami County Republic,7043,city,Spring Hill,city,KS
Cherry Road Community News ,CR Community News - KS - The Newton Kansan,7051,county,Burrton,city,KS
Cherry Road Community News ,CR Community News - KS - The Newton Kansan,7051,county,Halstead,city,KS
Cherry Road Community News ,CR Community News - KS - The Newton Kansan,7051,county,Harvey,county,KS
Cherry Road Community News ,CR Community News - KS - The Newton Kansan,7051,county,Hesston,city,KS
Cherry Road Community News ,CR Community News - KS - The Newton Kansan,7051,county,Newton,city,KS
Cherry Road Community News ,CR Community News - KS - The Newton Kansan,7051,county,North Newton,city,KS
Cherry Road Community News ,CR Community News - KS - The Newton Kansan,7051,county,Sedgwick,city,KS
Cherry Road Community News ,CR Community News - KS - The Newton Kansan,7051,county,Walton,city,KS
Cherry Road Community News ,CR Community News - KS - The Wellington Daily News,7055,city,Argonia,city,KS
Cherry Road Community News ,CR Community News - KS - The Wellington Daily News,7055,city,Belle Plaine,city,KS
Cherry Road Community News ,CR Community News - KS - The Wellington Daily News,7055,city,Caldwell,city,KS
Cherry Road Community News ,CR Community News - KS - The Wellington Daily News,7055,city,Conway Springs,city,KS
Cherry Road Community News ,CR Community News - KS - The Wellington Daily News,7055,city,Geuda Springs,city,KS
Cherry Road Community News ,CR Community News - KS - The Wellington Daily News,7055,city,Hunnewell,city,KS
Cherry Road Community News ,CR Community News - KS - The Wellington Daily News,7055,city,Mayfield,city,KS
Cherry Road Community News ,CR Community News - KS - The Wellington Daily News,7055,city,Milan,city,KS
Cherry Road Community News ,CR Community News - KS - The Wellington Daily News,7055,city,Milton,city,KS
Cherry Road Community News ,CR Community News - KS - The Wellington Daily News,7055,city,Mulvane,city,KS
Cherry Road Community News ,CR Community News - KS - The Wellington Daily News,7055,city,Oxford,city,KS
Cherry Road Community News ,CR Community News - KS - The Wellington Daily News,7055,city,Peck,city,KS
Cherry Road Community News ,CR Community News - KS - The Wellington Daily News,7055,city,South Haven,city,KS
Cherry Road Community News ,CR Community News - KS - The Wellington Daily News,7055,city,Sumner,county,KS
Cherry Road Community News ,CR Community News - KS - The Wellington Daily News,7055,city,Wellington,city,KS
Cherry Road Community News ,CR Community News - KS - Tri-County Tribune,7042,city,Byers,city,KS
Cherry Road Community News ,CR Community News - KS - Tri-County Tribune,7042,city,Coats,city,KS
Cherry Road Community News ,CR Community News - KS - Tri-County Tribune,7042,city,Cullison,city,KS
Cherry Road Community News ,CR Community News - KS - Tri-County Tribune,7042,city,Greensburg,city,KS
Cherry Road Community News ,CR Community News - KS - Tri-County Tribune,7042,city,Haviland,city,KS
Cherry Road Community News ,CR Community News - KS - Tri-County Tribune,7042,city,Hudson,city,KS
Cherry Road Community News ,CR Community News - KS - Tri-County Tribune,7042,city,Iuka,city,KS
Cherry Road Community News ,CR Community News - KS - Tri-County Tribune,7042,city,Kiowa,county,KS
Cherry Road Community News ,CR Community News - KS - Tri-County Tribune,7042,city,Macksville,city,KS
Cherry Road Community News ,CR Community News - KS - Tri-County Tribune,7042,city,Mullinville,city,KS
Cherry Road Community News ,CR Community News - KS - Tri-County Tribune,7042,city,Pratt,county,KS
Cherry Road Community News ,CR Community News - KS - Tri-County Tribune,7042,city,Pratt,city,KS
Cherry Road Community News ,CR Community News - KS - Tri-County Tribune,7042,city,Preston,city,KS
Cherry Road Community News ,CR Community News - KS - Tri-County Tribune,7042,city,Radium,city,KS
Cherry Road Community News ,CR Community News - KS - Tri-County Tribune,7042,city,Sawyer,city,KS
Cherry Road Community News ,CR Community News - KS - Tri-County Tribune,7042,city,Seward,city,KS
Cherry Road Community News ,CR Community News - KS - Tri-County Tribune,7042,city,Stafford,county,KS
Cherry Road Community News ,CR Community News - KS - Tri-County Tribune,7042,city,St. John,city,KS
Cherry Road Community News ,CR Community News - MA - Millbury-Sutton Chronicle,7105,county,Millbury,city,MA
Cherry Road Community News ,CR Community News - MA - Millbury-Sutton Chronicle,7105,county,Sutton,city,MA
Cherry Road Community News ,CR Community News - MA - Millbury-Sutton Chronicle,7105,county,Worcester,county,MA
Cherry Road Community News ,CR Community News - MA - The Clinton Item,7056,city,Boylston,neighborhood,MA
Cherry Road Community News ,CR Community News - MA - The Clinton Item,7056,city,Clinton,city,MA
Cherry Road Community News ,CR Community News - MA - The Clinton Item,7056,city,Lancaster,city,MA
Cherry Road Community News ,CR Community News - MA - The Clinton Item,7056,city,West Boylston,neighborhood,MA
Cherry Road Community News ,CR Community News - MA - The Clinton Item,7056,city,Worcester,county,MA
Cherry Road Community News ,CR Community News - MA - The Grafton News,7006,city,Grafton,city,MA
Cherry Road Community News ,CR Community News - MA - The Grafton News,7006,city,Worcester Precinct 5-4,precinct,MA
Cherry Road Community News ,CR Community News - MA - The Grafton News,7006,city,Worcester Precinct 5-5,precinct,MA
Cherry Road Community News ,CR Community News - MA - The Grafton News,7006,city,Worcester Precinct 6-3,precinct,MA
Cherry Road Community News ,CR Community News - MA - The Grafton News,7006,city,Worcester Precinct 6-4,precinct,MA
Cherry Road Community News ,CR Community News - MA - The Grafton News,7006,city,Worcester Precinct 6-5,precinct,MA
Cherry Road Community News ,CR Community News - MA - The Grafton News,7006,city,Worcester Precinct 7-1,precinct,MA
Cherry Road Community News ,CR Community News - MA - The Grafton News,7006,city,Worcester Precinct 7-2,precinct,MA
Cherry Road Community News ,CR Community News - MA - The Grafton News,7006,city,Worcester Precinct 7-3,precinct,MA
Cherry Road Community News ,CR Community News - MA - The Landmark,7009,city,Holden,city,MA
Cherry Road Community News ,CR Community News - MA - The Landmark,7009,city,Paxton,city,MA
Cherry Road Community News ,CR Community News - MA - The Landmark,7009,city,Princeton,neighborhood,MA
Cherry Road Community News ,CR Community News - MA - The Landmark,7009,city,Rutland,city,MA
Cherry Road Community News ,CR Community News - MA - The Landmark,7009,city,Sterling,city,MA
Cherry Road Community News ,CR Community News - MI - The Arenac County Independent ,7057,county,Arenac,county,MI
Cherry Road Community News ,CR Community News - MI - The Arenac County Independent ,7057,county,Au Gres,city,MI
Cherry Road Community News ,CR Community News - MI - The Arenac County Independent ,7057,county,Omer,city,MI
Cherry Road Community News ,CR Community News - MI - The Arenac County Independent ,7057,county,Standish,city,MI
Cherry Road Community News ,CR Community News - MI - The Arenac County Independent ,7057,county,Sterling,city,MI
Cherry Road Community News ,CR Community News - MI - The Arenac County Independent ,7057,county,Turner,neighborhood,MI
Cherry Road Community News ,CR Community News - MI - The Arenac County Independent ,7057,county,Twining,city,MI
Cherry Road Community News ,CR Community News - MI - The Ogemaw County Herald,7058,city,Ogemaw,county,MI
Cherry Road Community News ,CR Community News - MI - The Ogemaw County Herald,7058,city,Prescott,city,MI
Cherry Road Community News ,CR Community News - MI - The Ogemaw County Herald,7058,city,Rose City,city,MI
Cherry Road Community News ,CR Community News - MI - The Ogemaw County Herald,7058,city,West Branch,city,MI
Cherry Road Community News ,CR Community News - MI - The Oscoda County Herald,7059,city,Mio,city,MI
Cherry Road Community News ,CR Community News - MI - The Oscoda County Herald,7059,city,Oscoda,county,MI
Cherry Road Community News ,CR Community News - MN - Lake County Press,7069,county,Beaver Bay,city,MN
Cherry Road Community News ,CR Community News - MN - Lake County Press,7069,county,Finland,city,MN
Cherry Road Community News ,CR Community News - MN - Lake County Press,7069,county,Knife River,city,MN
Cherry Road Community News ,CR Community News - MN - Lake County Press,7069,county,Lake,county,MN
Cherry Road Community News ,CR Community News - MN - Lake County Press,7069,county,Silver Bay,city,MN
Cherry Road Community News ,CR Community News - MN - Lake County Press,7069,county,Two Harbors,city,MN
Cherry Road Community News ,CR Community News - MN - Montevideo American News,7068,neighborhood,Big Bend City,neighborhood,MN
Cherry Road Community News ,CR Community News - MN - Montevideo American News,7068,neighborhood,Chippewa,county,MN
Cherry Road Community News ,CR Community News - MN - Montevideo American News,7068,neighborhood,Churchill,neighborhood,MN
Cherry Road Community News ,CR Community News - MN - Montevideo American News,7068,neighborhood,Clara City,city,MN
Cherry Road Community News ,CR Community News - MN - Montevideo American News,7068,neighborhood,Gluek,neighborhood,MN
Cherry Road Community News ,CR Community News - MN - Montevideo American News,7068,neighborhood,Gracelock,neighborhood,MN
Cherry Road Community News ,CR Community News - MN - Montevideo American News,7068,neighborhood,Louriston,neighborhood,MN
Cherry Road Community News ,CR Community News - MN - Montevideo American News,7068,neighborhood,Maynard,city,MN
Cherry Road Community News ,CR Community News - MN - Montevideo American News,7068,neighborhood,Montevideo,city,MN
Cherry Road Community News ,CR Community News - MN - Montevideo American News,7068,neighborhood,Watson,city,MN
Cherry Road Community News ,CR Community News - MN - Montevideo American News,7068,neighborhood,Wegdahl,neighborhood,MN
Cherry Road Community News ,CR Community News - MN - St. James Plaindealer,7070,city,Butterfield,city,MN
Cherry Road Community News ,CR Community News - MN - St. James Plaindealer,7070,city,Darfur,city,MN
Cherry Road Community News ,CR Community News - MN - St. James Plaindealer,7070,city,Echols,neighborhood,MN
Cherry Road Community News ,CR Community News - MN - St. James Plaindealer,7070,city,La Salle,city,MN
Cherry Road Community News ,CR Community News - MN - St. James Plaindealer,7070,city,Madelia,city,MN
Cherry Road Community News ,CR Community News - MN - St. James Plaindealer,7070,city,South Branch,neighborhood,MN
Cherry Road Community News ,CR Community News - MN - St. James Plaindealer,7070,city,St. James,city,MN
Cherry Road Community News ,CR Community News - MN - St. James Plaindealer,7070,city,Sveadahl,neighborhood,MN
Cherry Road Community News ,CR Community News - MN - St. James Plaindealer,7070,city,Watonwan,county,MN
Cherry Road Community News ,CR Community News - MN - The Cook County News Herald,7061,county,Cook,county,MN
Cherry Road Community News ,CR Community News - MN - The Cook County News Herald,7061,county,Grand Marais,city,MN
Cherry Road Community News ,CR Community News - MN - The Cook County News Herald,7061,county,Lutsen,city,MN
Cherry Road Community News ,CR Community News - MN - The Cook County News Herald,7061,county,Maple Hill,neighborhood,MN
Cherry Road Community News ,CR Community News - MN - The Cook County News Herald,7061,county,Tofte,neighborhood,MN
Cherry Road Community News ,CR Community News - MN - The Granite Falls Advocate-Tribune,7067,county,Asbury,neighborhood,MN
Cherry Road Community News ,CR Community News - MN - The Granite Falls Advocate-Tribune,7067,county,Clarkfield,city,MN
Cherry Road Community News ,CR Community News - MN - The Granite Falls Advocate-Tribune,7067,county,Echo,city,MN
Cherry Road Community News ,CR Community News - MN - The Granite Falls Advocate-Tribune,7067,county,Granite Falls,city,MN
Cherry Road Community News ,CR Community News - MN - The Granite Falls Advocate-Tribune,7067,county,Hazel Run,city,MN
Cherry Road Community News ,CR Community News - MN - The Granite Falls Advocate-Tribune,7067,county,Maynard,city,MN
Cherry Road Community News ,CR Community News - MN - The Granite Falls Advocate-Tribune,7067,county,Sacred Heart,city,MN
Cherry Road Community News ,CR Community News - MN - The Granite Falls Advocate-Tribune,7067,county,Wood Lake,city,MN
Cherry Road Community News ,CR Community News - MN - The Granite Falls Advocate-Tribune,7067,county,Yellow Medicine,county,MN
Cherry Road Community News ,CR Community News - MN - The Hutchinson Station,7062,city,Biscay,city,MN
Cherry Road Community News ,CR Community News - MN - The Hutchinson Station,7062,city,Brownton,city,MN
Cherry Road Community News ,CR Community News - MN - The Hutchinson Station,7062,city,Glencoe,city,MN
Cherry Road Community News ,CR Community News - MN - The Hutchinson Station,7062,city,Hutchinson,city,MN
Cherry Road Community News ,CR Community News - MN - The Hutchinson Station,7062,city,Lester Prairie,city,MN
Cherry Road Community News ,CR Community News - MN - The Hutchinson Station,7062,city,McLeod,county,MN
Cherry Road Community News ,CR Community News - MN - The Hutchinson Station,7062,city,Plato,city,MN
Cherry Road Community News ,CR Community News - MN - The Hutchinson Station,7062,city,Silver Lake,city,MN
Cherry Road Community News ,CR Community News - MN - The Hutchinson Station,7062,city,Stewart,city,MN
Cherry Road Community News ,CR Community News - MN - The Hutchinson Station,7062,city,Winsted,city,MN
Cherry Road Community News ,CR Community News - MN - The Litchfield Rail,7063,city,Cedar Mills,city,MN
Cherry Road Community News ,CR Community News - MN - The Litchfield Rail,7063,city,Cosmos,city,MN
Cherry Road Community News ,CR Community News - MN - The Litchfield Rail,7063,city,Darwin,city,MN
Cherry Road Community News ,CR Community News - MN - The Litchfield Rail,7063,city,Dassel,city,MN
Cherry Road Community News ,CR Community News - MN - The Litchfield Rail,7063,city,Eden Valley,city,MN
Cherry Road Community News ,CR Community News - MN - The Litchfield Rail,7063,city,Grove City,city,MN
Cherry Road Community News ,CR Community News - MN - The Litchfield Rail,7063,city,Kingston,city,MN
Cherry Road Community News ,CR Community News - MN - The Litchfield Rail,7063,city,Litchfield,city,MN
Cherry Road Community News ,CR Community News - MN - The Litchfield Rail,7063,city,Meeker,county,MN
Cherry Road Community News ,CR Community News - MN - The Litchfield Rail,7063,city,Watkins,city,MN
Cherry Road Community News ,CR Community News - MN - The Rainy Lake Gazette,7064,city,Ericsburg,neighborhood,MN
Cherry Road Community News ,CR Community News - MN - The Rainy Lake Gazette,7064,city,International Falls,city,MN
Cherry Road Community News ,CR Community News - MN - The Rainy Lake Gazette,7064,city,Koochiching,county,MN
Cherry Road Community News ,CR Community News - MN - The Rainy Lake Gazette,7064,city,Laurel,neighborhood,MN
Cherry Road Community News ,CR Community News - MN - The Rainy Lake Gazette,7064,city,Lindford,neighborhood,MN
Cherry Road Community News ,CR Community News - MN - The Rainy Lake Gazette,7064,city,Littlefork,city,MN
Cherry Road Community News ,CR Community News - MN - The Rainy Lake Gazette,7064,city,Nakoda,neighborhood,MN
Cherry Road Community News ,CR Community News - MN - The Rainy Lake Gazette,7064,city,Pelland,neighborhood,MN
Cherry Road Community News ,CR Community News - MN - The Redwood Falls Gazette,7066,county,Belview,city,MN
Cherry Road Community News ,CR Community News - MN - The Redwood Falls Gazette,7066,county,Clements,city,MN
Cherry Road Community News ,CR Community News - MN - The Redwood Falls Gazette,7066,county,Delhi,city,MN
Cherry Road Community News ,CR Community News - MN - The Redwood Falls Gazette,7066,county,Lamberton,city,MN
Cherry Road Community News ,CR Community News - MN - The Redwood Falls Gazette,7066,county,Lucan,city,MN
Cherry Road Community News ,CR Community News - MN - The Redwood Falls Gazette,7066,county,Milroy,city,MN
Cherry Road Community News ,CR Community News - MN - The Redwood Falls Gazette,7066,county,Morgan,city,MN
Cherry Road Community News ,CR Community News - MN - The Redwood Falls Gazette,7066,county,Redwood,county,MN
Cherry Road Community News ,CR Community News - MN - The Redwood Falls Gazette,7066,county,Redwood Falls,city,MN
Cherry Road Community News ,CR Community News - MN - The Redwood Falls Gazette,7066,county,Revere,city,MN
Cherry Road Community News ,CR Community News - MN - The Redwood Falls Gazette,7066,county,Sanborn,city,MN
Cherry Road Community News ,CR Community News - MN - The Redwood Falls Gazette,7066,county,Seaforth,city,MN
Cherry Road Community News ,CR Community News - MN - The Redwood Falls Gazette,7066,county,Vesta,city,MN
Cherry Road Community News ,CR Community News - MN - The Redwood Falls Gazette,7066,county,Wabasso,city,MN
Cherry Road Community News ,CR Community News - MN - The Redwood Falls Gazette,7066,county,Walnut Grove,city,MN
Cherry Road Community News ,CR Community News - MN - The Redwood Falls Gazette,7066,county,Wanda,city,MN
Cherry Road Community News ,CR Community News - MN - The Sleepy Eye Herald-Dispatch,7065,city,Brown,county,MN
Cherry Road Community News ,CR Community News - MN - The Sleepy Eye Herald-Dispatch,7065,city,Dotson,neighborhood,MN
Cherry Road Community News ,CR Community News - MN - The Sleepy Eye Herald-Dispatch,7065,city,Essig,city,MN
Cherry Road Community News ,CR Community News - MN - The Sleepy Eye Herald-Dispatch,7065,city,Evan,city,MN
Cherry Road Community News ,CR Community News - MN - The Sleepy Eye Herald-Dispatch,7065,city,Godahl,neighborhood,MN
Cherry Road Community News ,CR Community News - MN - The Sleepy Eye Herald-Dispatch,7065,city,Leavenworth,neighborhood,MN
Cherry Road Community News ,CR Community News - MN - The Sleepy Eye Herald-Dispatch,7065,city,New Ulm,city,MN
Cherry Road Community News ,CR Community News - MN - The Sleepy Eye Herald-Dispatch,7065,city,Searles,city,MN
Cherry Road Community News ,CR Community News - MN - The Sleepy Eye Herald-Dispatch,7065,city,Sleepy Eye,city,MN
Cherry Road Community News ,CR Community News - MN - The Sleepy Eye Herald-Dispatch,7065,city,Stark,city,MN
Cherry Road Community News ,CR Community News - MN - The Tower News,7060,county,Babbitt,city,MN
Cherry Road Community News ,CR Community News - MN - The Tower News,7060,county,Eagles Nest,neighborhood,MN
Cherry Road Community News ,CR Community News - MN - The Tower News,7060,county,Ely,city,MN
Cherry Road Community News ,CR Community News - MN - The Tower News,7060,county,Embarrass,neighborhood,MN
Cherry Road Community News ,CR Community News - MN - The Tower News,7060,county,Peyla,neighborhood,MN
Cherry Road Community News ,CR Community News - MN - The Tower News,7060,county,St. Louis,county,MN
Cherry Road Community News ,CR Community News - MN - The Tower News,7060,county,Tower,city,MN
Cherry Road Community News ,CR Community News - MN - Tri-County News,7071,city,Annandale,city,MN
Cherry Road Community News ,CR Community News - MN - Tri-County News,7071,city,Eden Valley,city,MN
Cherry Road Community News ,CR Community News - MN - Tri-County News,7071,city,Fairhaven,city,MN
Cherry Road Community News ,CR Community News - MN - Tri-County News,7071,city,Kimball,city,MN
Cherry Road Community News ,CR Community News - MN - Tri-County News,7071,city,Meeker,county,MN
Cherry Road Community News ,CR Community News - MN - Tri-County News,7071,city,Odin,city,MN
Cherry Road Community News ,CR Community News - MN - Tri-County News,7071,city,Ormsby,city,MN
Cherry Road Community News ,CR Community News - MN - Tri-County News,7071,city,South Haven,city,MN
Cherry Road Community News ,CR Community News - MN - Tri-County News,7071,city,Stearns,county,MN
Cherry Road Community News ,CR Community News - MN - Tri-County News,7071,city,Watkins,city,MN
Cherry Road Community News ,CR Community News - MN - Tri-County News,7071,city,Wright,county,MN
Cherry Road Community News ,CR Community News - MO - Boonville Daily-News,7088,city,Blackwater,city,MO
Cherry Road Community News ,CR Community News - MO - Boonville Daily-News,7088,city,Boonville,city,MO
Cherry Road Community News ,CR Community News - MO - Boonville Daily-News,7088,city,Bunceton,city,MO
Cherry Road Community News ,CR Community News - MO - Boonville Daily-News,7088,city,Cooper,county,MO
Cherry Road Community News ,CR Community News - MO - Boonville Daily-News,7088,city,Otterville,city,MO
Cherry Road Community News ,CR Community News - MO - Boonville Daily-News,7088,city,Pilot Grove,city,
Cherry Road Community News ,CR Community News - MO - Boonville Daily-News,7088,city,Prairie Home,city,MO
Cherry Road Community News ,CR Community News - MO - Boonville Daily-News,7088,city,Windsor Place,city,MO
Cherry Road Community News ,CR Community News - MO - Boonville Daily-News,7088,city,Wooldridge,city,MO
Cherry Road Community News ,CR Community News - MO - Centralia Fireside Guard,7076,city,Boone,county,MO
Cherry Road Community News ,CR Community News - MO - Centralia Fireside Guard,7076,city,Centralia,city,MO
Cherry Road Community News ,CR Community News - MO - Centralia Fireside Guard,7076,city,Hallsville,city,MO
Cherry Road Community News ,CR Community News - MO - Centralia Fireside Guard,7076,city,Sturgeon,city,MO
Cherry Road Community News ,CR Community News - MO - Constitution-Tribune,7087,city,Avalon,city,MO
Cherry Road Community News ,CR Community News - MO - Constitution-Tribune,7087,city,Chillicothe,city,MO
Cherry Road Community News ,CR Community News - MO - Constitution-Tribune,7087,city,Chula,city,MO
Cherry Road Community News ,CR Community News - MO - Constitution-Tribune,7087,city,Dawn,city,MO
Cherry Road Community News ,CR Community News - MO - Constitution-Tribune,7087,city,Livingston,county,MO
Cherry Road Community News ,CR Community News - MO - Constitution-Tribune,7087,city,Ludlow,city,MO
Cherry Road Community News ,CR Community News - MO - Constitution-Tribune,7087,city,Mooresville,city,MO
Cherry Road Community News ,CR Community News - MO - Constitution-Tribune,7087,city,Utica,city,MO
Cherry Road Community News ,CR Community News - MO - Constitution-Tribune,7087,city,Wheeling,city,MO
Cherry Road Community News ,CR Community News - MO - Courier-Tribune,7083,county,Clay,county,MO
Cherry Road Community News ,CR Community News - MO - Courier-Tribune,7083,county,Kearney,city,MO
Cherry Road Community News ,CR Community News - MO - Courier-Tribune,7083,county,Liberty,city,MO
Cherry Road Community News ,CR Community News - MO - Courier-Tribune,7083,county,Mosby,city,MO
Cherry Road Community News ,CR Community News - MO - Courier-Tribune,7083,county,Smithville,city,MO
Cherry Road Community News ,CR Community News - MO - Gladstone Dispatch,7082,city,Clay,county,MO
Cherry Road Community News ,CR Community News - MO - Gladstone Dispatch,7082,city,Gladstone,city,MO
Cherry Road Community News ,CR Community News - MO - Linn County Leader,7089,county,Brookfield,city,MO
Cherry Road Community News ,CR Community News - MO - Linn County Leader,7089,county,Browning,city,MO
Cherry Road Community News ,CR Community News - MO - Linn County Leader,7089,county,Bucklin,city,MO
Cherry Road Community News ,CR Community News - MO - Linn County Leader,7089,county,Laclede,city,MO
Cherry Road Community News ,CR Community News - MO - Linn County Leader,7089,county,Linn,county,MO
Cherry Road Community News ,CR Community News - MO - Linn County Leader,7089,county,Linneus,city,MO
Cherry Road Community News ,CR Community News - MO - Linn County Leader,7089,county,Marceline,city,MO
Cherry Road Community News ,CR Community News - MO - Linn County Leader,7089,county,Meadville,city,MO
Cherry Road Community News ,CR Community News - MO - Linn County Leader,7089,county,Purdin,city,MO
Cherry Road Community News ,CR Community News - MO - Moberly Monitor-Index,7081,county,Cairo,city,MO
Cherry Road Community News ,CR Community News - MO - Moberly Monitor-Index,7081,county,Clark,city,MO
Cherry Road Community News ,CR Community News - MO - Moberly Monitor-Index,7081,county,Clifton Hill,city,MO
Cherry Road Community News ,CR Community News - MO - Moberly Monitor-Index,7081,county,Higbee,city,MO
Cherry Road Community News ,CR Community News - MO - Moberly Monitor-Index,7081,county,Huntsville,city,MO
Cherry Road Community News ,CR Community News - MO - Moberly Monitor-Index,7081,county,Jacksonville,city,MO
Cherry Road Community News ,CR Community News - MO - Moberly Monitor-Index,7081,county,Kimberly,neighborhood,MO
Cherry Road Community News ,CR Community News - MO - Moberly Monitor-Index,7081,county,Moberly,city,MO
Cherry Road Community News ,CR Community News - MO - Moberly Monitor-Index,7081,county,Randolph,county,MO
Cherry Road Community News ,CR Community News - MO - Moberly Monitor-Index,7081,county,Renick,city,MO
Cherry Road Community News ,CR Community News - MO - Pike County News,7072,city,Annada,city,MO
Cherry Road Community News ,CR Community News - MO - Pike County News,7072,city,Ashburn,city,MO
Cherry Road Community News ,CR Community News - MO - Pike County News,7072,city,Ashley,city,MO
Cherry Road Community News ,CR Community News - MO - Pike County News,7072,city,Bowling Green,city,MO
Cherry Road Community News ,CR Community News - MO - Pike County News,7072,city,Clarksville,city,MO
Cherry Road Community News ,CR Community News - MO - Pike County News,7072,city,Curryville,city,MO
Cherry Road Community News ,CR Community News - MO - Pike County News,7072,city,Frankford,city,MO
Cherry Road Community News ,CR Community News - MO - Pike County News,7072,city,Louisiana,city,MO
Cherry Road Community News ,CR Community News - MO - Pike County News,7072,city,Paynesville,city,MO
Cherry Road Community News ,CR Community News - MO - Pike County News,7072,city,Pike,county,MO
Cherry Road Community News ,CR Community News - MO - Pike County News,7072,city,St. Clement,city,MO
Cherry Road Community News ,CR Community News - MO - Pike County News,7072,city,Tarrants,city,MO
Cherry Road Community News ,CR Community News - MO - Savannah Reporter,7080,county,Amazonia,city,MO
Cherry Road Community News ,CR Community News - MO - Savannah Reporter,7080,county,Andrew,county,MO
Cherry Road Community News ,CR Community News - MO - Savannah Reporter,7080,county,Bolckow,city,MO
Cherry Road Community News ,CR Community News - MO - Savannah Reporter,7080,county,Cosby,city,MO
Cherry Road Community News ,CR Community News - MO - Savannah Reporter,7080,county,Country Club,city,MO
Cherry Road Community News ,CR Community News - MO - Savannah Reporter,7080,county,Rea,city,MO
Cherry Road Community News ,CR Community News - MO - Savannah Reporter,7080,county,Rosendale,city,MO
Cherry Road Community News ,CR Community News - MO - Savannah Reporter,7080,county,Savannah,city,MO
Cherry Road Community News ,CR Community News - MO - South Missourian News,7084,city,Alton,city,MO
Cherry Road Community News ,CR Community News - MO - South Missourian News,7084,city,Koshkonong,city,MO
Cherry Road Community News ,CR Community News - MO - South Missourian News,7084,city,Mammoth Spring,city,AR
Cherry Road Community News ,CR Community News - MO - South Missourian News,7084,city,Oregon,county,MO
Cherry Road Community News ,CR Community News - MO - South Missourian News,7084,city,Thayer,city,MO
Cherry Road Community News ,CR Community News - MO - South Missourian News,7084,city,Thomasville,city,MO
Cherry Road Community News ,CR Community News - MO - The Elsberry Democrat,7073,city,Elsberry,city,MO
Cherry Road Community News ,CR Community News - MO - The Elsberry Democrat,7073,city,Lincoln,county,MO
Cherry Road Community News ,CR Community News - MO - The Elsberry Democrat,7073,city,New Hope,neighborhood,MO
Cherry Road Community News ,CR Community News - MO - The Examiner,7086,county,Blue Springs,city,MO
Cherry Road Community News ,CR Community News - MO - The Examiner,7086,county,Grain Valley,city,MO
Cherry Road Community News ,CR Community News - MO - The Examiner,7086,county,Independence,city,MO
Cherry Road Community News ,CR Community News - MO - The Examiner,7086,county,Jackson,county,MO
Cherry Road Community News ,CR Community News - MO - The Examiner,7086,county,Sugar Creek,city,MO
Cherry Road Community News ,CR Community News - MO - The Hermann Advertiser-Courier,7074,city,Berger,city,MO
Cherry Road Community News ,CR Community News - MO - The Hermann Advertiser-Courier,7074,city,Bluffton,neighborhood,MO
Cherry Road Community News ,CR Community News - MO - The Hermann Advertiser-Courier,7074,city,Case,neighborhood,MO
Cherry Road Community News ,CR Community News - MO - The Hermann Advertiser-Courier,7074,city,Gasconade,city,MO
Cherry Road Community News ,CR Community News - MO - The Hermann Advertiser-Courier,7074,city,Gasconade,county,MO
Cherry Road Community News ,CR Community News - MO - The Hermann Advertiser-Courier,7074,city,Hermann,city,MO
Cherry Road Community News ,CR Community News - MO - The Hermann Advertiser-Courier,7074,city,Rhineland,city,MO
Cherry Road Community News ,CR Community News - MO - The Lake Gazette,7075,city,Clapper,neighborhood,MO
Cherry Road Community News ,CR Community News - MO - The Lake Gazette,7075,city,Ely,neighborhood,MO
Cherry Road Community News ,CR Community News - MO - The Lake Gazette,7075,city,Hunnewell,city,MO
Cherry Road Community News ,CR Community News - MO - The Lake Gazette,7075,city,Indian Creek,neighborhood,MO
Cherry Road Community News ,CR Community News - MO - The Lake Gazette,7075,city,Lakenan,neighborhood,MO
Cherry Road Community News ,CR Community News - MO - The Lake Gazette,7075,city,Monroe,county,MO
Cherry Road Community News ,CR Community News - MO - The Lake Gazette,7075,city,Monroe City,city,MO
Cherry Road Community News ,CR Community News - MO - The Lake Gazette,7075,city,North Fork,neighborhood,MO
Cherry Road Community News ,CR Community News - MO - The Lake Gazette,7075,city,Rensselaer,city,MO
Cherry Road Community News ,CR Community News - MO - The Lake Gazette,7075,city,Stoutsville,city,MO
Cherry Road Community News ,CR Community News - MO - The Lake Gazette,7075,city,West Ely,neighborhood,MO
Cherry Road Community News ,CR Community News - MO - The Lake Gazette,7075,city,White Bear,neighborhood,MO
Cherry Road Community News ,CR Community News - MO - The Lincoln County Journal,7078,city,Brussels,precinct,MO
Cherry Road Community News ,CR Community News - MO - The Lincoln County Journal,7078,city,Cave,city,MO
Cherry Road Community News ,CR Community News - MO - The Lincoln County Journal,7078,city,Famous,neighborhood,MO
Cherry Road Community News ,CR Community News - MO - The Lincoln County Journal,7078,city,Fountain N' Lakes,city,MO
Cherry Road Community News ,CR Community News - MO - The Lincoln County Journal,7078,city,Hawk Point,city,MO
Cherry Road Community News ,CR Community News - MO - The Lincoln County Journal,7078,city,Lincoln,county,MO
Cherry Road Community News ,CR Community News - MO - The Lincoln County Journal,7078,city,Moscow Mills,city,MO
Cherry Road Community News ,CR Community News - MO - The Lincoln County Journal,7078,city,Troy,city,MO
Cherry Road Community News ,CR Community News - MO - The Marshall Democrat-News,7085,city,Arrow Rock,city,MO
Cherry Road Community News ,CR Community News - MO - The Marshall Democrat-News,7085,city,Blackburn,city,MO
Cherry Road Community News ,CR Community News - MO - The Marshall Democrat-News,7085,city,Emma,city,MO
Cherry Road Community News ,CR Community News - MO - The Marshall Democrat-News,7085,city,Gilliam,city,MO
Cherry Road Community News ,CR Community News - MO - The Marshall Democrat-News,7085,city,Grand Pass,city,MO
Cherry Road Community News ,CR Community News - MO - The Marshall Democrat-News,7085,city,Malta Bend,city,MO
Cherry Road Community News ,CR Community News - MO - The Marshall Democrat-News,7085,city,Marshall,city,MO
Cherry Road Community News ,CR Community News - MO - The Marshall Democrat-News,7085,city,Miami,city,MO
Cherry Road Community News ,CR Community News - MO - The Marshall Democrat-News,7085,city,Mount Leonard,city,MO
Cherry Road Community News ,CR Community News - MO - The Marshall Democrat-News,7085,city,Nelson,city,MO
Cherry Road Community News ,CR Community News - MO - The Marshall Democrat-News,7085,city,Saline,county,MO
Cherry Road Community News ,CR Community News - MO - The Marshall Democrat-News,7085,city,Slater,city,MO
Cherry Road Community News ,CR Community News - MO - The Marshall Democrat-News,7085,city,Sweet Springs,city,MO
Cherry Road Community News ,CR Community News - MO - The Vandalia Leader,7077,city,Audrain,county,MO
Cherry Road Community News ,CR Community News - MO - The Vandalia Leader,7077,city,Curryville,city,MO
Cherry Road Community News ,CR Community News - MO - The Vandalia Leader,7077,city,Farber,city,MO
Cherry Road Community News ,CR Community News - MO - The Vandalia Leader,7077,city,Laddonia,city,MO
Cherry Road Community News ,CR Community News - MO - The Vandalia Leader,7077,city,Madisonville,neighborhood,MO
Cherry Road Community News ,CR Community News - MO - The Vandalia Leader,7077,city,New Harmony,neighborhood,MO
Cherry Road Community News ,CR Community News - MO - The Vandalia Leader,7077,city,Ralls,county,MO
Cherry Road Community News ,CR Community News - MO - The Vandalia Leader,7077,city,Spencerburg,neighborhood,MO
Cherry Road Community News ,CR Community News - MO - The Vandalia Leader,7077,city,Vandalia,city,MO
Cherry Road Community News ,CR Community News - MO - The Vandalia Leader,7077,city,West Hartford,neighborhood,MO
Cherry Road Community News ,CR Community News - MO - Troy Free Press,7079,city,Brussels,precinct,MO
Cherry Road Community News ,CR Community News - MO - Troy Free Press,7079,city,Cave,city,MO
Cherry Road Community News ,CR Community News - MO - Troy Free Press,7079,city,Famous,neighborhood,MO
Cherry Road Community News ,CR Community News - MO - Troy Free Press,7079,city,Fountain N' Lakes,city,MO
Cherry Road Community News ,CR Community News - MO - Troy Free Press,7079,city,Hawk Point,city,MO
Cherry Road Community News ,CR Community News - MO - Troy Free Press,7079,city,Lincoln,county,MO
Cherry Road Community News ,CR Community News - MO - Troy Free Press,7079,city,Moscow Mills,city,MO
Cherry Road Community News ,CR Community News - MO - Troy Free Press,7079,city,Troy,city,MO
Cherry Road Community News ,CR Community News - NE - Nebraska City News Press,7090,city,Nebraska City,city,NE
Cherry Road Community News ,CR Community News - NE - Nebraska City News Press,7090,city,Otoe,county,NE
Cherry Road Community News ,CR Community News - NE - Nebraska City News Press,7090,city,Paul,neighborhood,NE
Cherry Road Community News ,CR Community News - NE - Nebraska City News Press,7090,city,Union,city,NE
Cherry Road Community News ,CR Community News - NE - Nebraska City News Press,7090,city,Wyoming,neighborhood,NE
Cherry Road Community News ,CR Community News - NE - Syracuse Journal-Democrat,7091,city,Burr,city,NE
Cherry Road Community News ,CR Community News - NE - Syracuse Journal-Democrat,7091,city,Douglas,neighborhood,NE
Cherry Road Community News ,CR Community News - NE - Syracuse Journal-Democrat,7091,city,Lorton,city,NE
Cherry Road Community News ,CR Community News - NE - Syracuse Journal-Democrat,7091,city,Nemaha,county,NE
Cherry Road Community News ,CR Community News - NE - Syracuse Journal-Democrat,7091,city,Otoe,city,NE
Cherry Road Community News ,CR Community News - NE - Syracuse Journal-Democrat,7091,city,Syracuse,city,NE
Cherry Road Community News ,CR Community News - NE - Syracuse Journal-Democrat,7091,city,Unadilla,city,NE
Cherry Road Community News ,CR Community News - NE - Syracuse Journal-Democrat,7091,city,Woodland Hills,city,NE
Cherry Road Community News ,CR Community News - NM CO - The Chronicle-News,7092,city,Abeyta,neighborhood,CO
Cherry Road Community News ,CR Community News - NM CO - The Chronicle-News,7092,city,Angel Fire,city,NM
Cherry Road Community News ,CR Community News - NM CO - The Chronicle-News,7092,city,Boncarbo,neighborhood,CO
Cherry Road Community News ,CR Community News - NM CO - The Chronicle-News,7092,city,Branson,city,CO
Cherry Road Community News ,CR Community News - NM CO - The Chronicle-News,7092,city,Brilliant,neighborhood,NM
Cherry Road Community News ,CR Community News - NM CO - The Chronicle-News,7092,city,Cimarron,city,NM
Cherry Road Community News ,CR Community News - NM CO - The Chronicle-News,7092,city,Colfax,county,NM
Cherry Road Community News ,CR Community News - NM CO - The Chronicle-News,7092,city,Des Moines,city,NM
Cherry Road Community News ,CR Community News - NM CO - The Chronicle-News,7092,city,Folsom,city,NM
Cherry Road Community News ,CR Community News - NM CO - The Chronicle-News,7092,city,Hoehne,city,CO
Cherry Road Community News ,CR Community News - NM CO - The Chronicle-News,7092,city,Las Animas,county,CO
Cherry Road Community News ,CR Community News - NM CO - The Chronicle-News,7092,city,Ludlow,neighborhood,ME
Cherry Road Community News ,CR Community News - NM CO - The Chronicle-News,7092,city,Maxwell,city,NM
Cherry Road Community News ,CR Community News - NM CO - The Chronicle-News,7092,city,Model,neighborhood,CO
Cherry Road Community News ,CR Community News - NM CO - The Chronicle-News,7092,city,Monument Park,neighborhood,CO
Cherry Road Community News ,CR Community News - NM CO - The Chronicle-News,7092,city,Ranchos de Taos,city,NM
Cherry Road Community News ,CR Community News - NM CO - The Chronicle-News,7092,city,Raton,city,NM
Cherry Road Community News ,CR Community News - NM CO - The Chronicle-News,7092,city,Springer,city,NM
Cherry Road Community News ,CR Community News - NM CO - The Chronicle-News,7092,city,Taos,city,NM
Cherry Road Community News ,CR Community News - NM CO - The Chronicle-News,7092,city,Trinchera,neighborhood,CO
Cherry Road Community News ,CR Community News - NM CO - The Chronicle-News,7092,city,Trinidad,city,CO
Cherry Road Community News ,CR Community News - NM CO - The Chronicle-News,7092,city,Tyrone,neighborhood,CO
Cherry Road Community News ,CR Community News - NM CO - The Chronicle-News,7092,city,Valdez,city,CO
Cherry Road Community News ,CR Community News - NM CO - The Chronicle-News,7092,city,Weston,city,CO
Cherry Road Community News ,CR Community News - NM CO - The Chronicle-News,7092,city,Yankee,neighborhood,NM
Cherry Road Community News ,CR Community News - NY - The Chronicle-Express,7093,city,Barrington,city,NY
Cherry Road Community News ,CR Community News - NY - The Chronicle-Express,7093,city,Benton,neighborhood,NY
Cherry Road Community News ,CR Community News - NY - The Chronicle-Express,7093,city,Dresden,city,NY
Cherry Road Community News ,CR Community News - NY - The Chronicle-Express,7093,city,Dundee,city,NY
Cherry Road Community News ,CR Community News - NY - The Chronicle-Express,7093,city,Italy,neighborhood,NY
Cherry Road Community News ,CR Community News - NY - The Chronicle-Express,7093,city,Keuka Park,city,NY
Cherry Road Community News ,CR Community News - NY - The Chronicle-Express,7093,city,Middlesex,neighborhood,NY
Cherry Road Community News ,CR Community News - NY - The Chronicle-Express,7093,city,Penn Yan,city,NY
Cherry Road Community News ,CR Community News - NY - The Chronicle-Express,7093,city,Potter,city,NY
Cherry Road Community News ,CR Community News - NY - The Chronicle-Express,7093,city,Rushville,city,NY
Cherry Road Community News ,CR Community News - NY - The Chronicle-Express,7093,city,Starkey,neighborhood,NY
Cherry Road Community News ,CR Community News - NY - The Chronicle-Express,7093,city,Yates,county,NY
Cherry Road Community News ,CR Community News - OH - Hilliard,6993,city,Hilliard,city,OH
Cherry Road Community News ,CR Community News - OH - Lockbourne,6985,city,Lockbourne,city,OH
Cherry Road Community News ,CR Community News - OH - Monroe County Beacon,7098,city,Antioch,neighborhood,OH
Cherry Road Community News ,CR Community News - OH - Monroe County Beacon,7098,city,Beallsville,city,OH
Cherry Road Community News ,CR Community News - OH - Monroe County Beacon,7098,city,Clarington,city,OH
Cherry Road Community News ,CR Community News - OH - Monroe County Beacon,7098,city,Graysville,city,OH
Cherry Road Community News ,CR Community News - OH - Monroe County Beacon,7098,city,Lewisville,city,OH
Cherry Road Community News ,CR Community News - OH - Monroe County Beacon,7098,city,Miltonsburg,city,OH
Cherry Road Community News ,CR Community News - OH - Monroe County Beacon,7098,city,Monroe,county,OH
Cherry Road Community News ,CR Community News - OH - Monroe County Beacon,7098,city,Stafford,city,OH
Cherry Road Community News ,CR Community News - OH - Monroe County Beacon,7098,city,Wilson,city,OH
Cherry Road Community News ,CR Community News - OH - Monroe County Beacon,7098,city,Woodsfield,city,OH
Cherry Road Community News ,CR Community News - OH - Paulding Progress,7096,county,Antwerp,city,OH
Cherry Road Community News ,CR Community News - OH - Paulding Progress,7096,county,Arthur,neighborhood,OH
Cherry Road Community News ,CR Community News - OH - Paulding Progress,7096,county,Broughton,city,OH
Cherry Road Community News ,CR Community News - OH - Paulding Progress,7096,county,Cecil,city,OH
Cherry Road Community News ,CR Community News - OH - Paulding Progress,7096,county,Charloe,neighborhood,OH
Cherry Road Community News ,CR Community News - OH - Paulding Progress,7096,county,Emmett,neighborhood,OH
Cherry Road Community News ,CR Community News - OH - Paulding Progress,7096,county,Grover Hill,city,OH
Cherry Road Community News ,CR Community News - OH - Paulding Progress,7096,county,Junction,neighborhood,OH
Cherry Road Community News ,CR Community News - OH - Paulding Progress,7096,county,Latty,city,OH
Cherry Road Community News ,CR Community News - OH - Paulding Progress,7096,county,Logtown,neighborhood,OH
Cherry Road Community News ,CR Community News - OH - Paulding Progress,7096,county,Melrose,city,OH
Cherry Road Community News ,CR Community News - OH - Paulding Progress,7096,county,Oakwood,city,OH
Cherry Road Community News ,CR Community News - OH - Paulding Progress,7096,county,Paulding,city,OH
Cherry Road Community News ,CR Community News - OH - Paulding Progress,7096,county,Paulding,county,OH
Cherry Road Community News ,CR Community News - OH - Paulding Progress,7096,county,Payne,city,OH
Cherry Road Community News ,CR Community News - OH - Paulding Progress,7096,county,Roselms,neighborhood,OH
Cherry Road Community News ,CR Community News - OH - Paulding Progress,7096,county,Worstville,neighborhood,OH
Cherry Road Community News ,CR Community News - OH - Putnam County Sentinel,7095,city,Belmore,city,OH
Cherry Road Community News ,CR Community News - OH - Putnam County Sentinel,7095,city,Cloverdale,city,OH
Cherry Road Community News ,CR Community News - OH - Putnam County Sentinel,7095,city,Columbus Grove,city,OH
Cherry Road Community News ,CR Community News - OH - Putnam County Sentinel,7095,city,Continental,city,OH
Cherry Road Community News ,CR Community News - OH - Putnam County Sentinel,7095,city,Dupont,city,OH
Cherry Road Community News ,CR Community News - OH - Putnam County Sentinel,7095,city,Fort Jennings,city,OH
Cherry Road Community News ,CR Community News - OH - Putnam County Sentinel,7095,city,Gilboa,city,OH
Cherry Road Community News ,CR Community News - OH - Putnam County Sentinel,7095,city,Glandorf,city,OH
Cherry Road Community News ,CR Community News - OH - Putnam County Sentinel,7095,city,Kalida,city,OH
Cherry Road Community News ,CR Community News - OH - Putnam County Sentinel,7095,city,Leipsic,city,OH
Cherry Road Community News ,CR Community News - OH - Putnam County Sentinel,7095,city,Miller City,city,OH
Cherry Road Community News ,CR Community News - OH - Putnam County Sentinel,7095,city,Ottawa,city,OH
Cherry Road Community News ,CR Community News - OH - Putnam County Sentinel,7095,city,Ottoville,city,OH
Cherry Road Community News ,CR Community News - OH - Putnam County Sentinel,7095,city,Pandora,city,OH
Cherry Road Community News ,CR Community News - OH - Putnam County Sentinel,7095,city,Putnam,county,OH
Cherry Road Community News ,CR Community News - OH - Putnam County Sentinel,7095,city,West Leipsic,city,OH
Cherry Road Community News ,CR Community News - OH - Southeast Messenger,7103,precinct,Commercial Point,city,OH
Cherry Road Community News ,CR Community News - OH - Southeast Messenger,7103,precinct,Franklin,county,OH
Cherry Road Community News ,CR Community News - OH - Southeast Messenger,7103,precinct,Grove City,city,OH
Cherry Road Community News ,CR Community News - OH - Southeast Messenger,7103,precinct,Hilltop,city,OH
Cherry Road Community News ,CR Community News - OH - Southeast Messenger,7103,precinct,Lincoln Village,city,OH
Cherry Road Community News ,CR Community News - OH - Southeast Messenger,7103,precinct,PRAIRIE TOWNSHIP,precinct,OH
Cherry Road Community News ,CR Community News - OH - Southeast Messenger,7103,precinct,Urbancrest,city,OH
Cherry Road Community News ,CR Community News - OH - Southeast Messenger,7103,precinct,Westland,neighborhood,OH
Cherry Road Community News ,CR Community News - OH - Southwest Messenger,7104,county,Canal Winchester,city,OH
Cherry Road Community News ,CR Community News - OH - Southwest Messenger,7104,county,Franklin,county,OH
Cherry Road Community News ,CR Community News - OH - Southwest Messenger,7104,county,Groveport,city,OH
Cherry Road Community News ,CR Community News - OH - Southwest Messenger,7104,county,MADISON TOWNSHIP,precinct,OH
Cherry Road Community News ,CR Community News - OH - Southwest Messenger,7104,county,Obetz,city,OH
Cherry Road Community News ,CR Community News - OH - The Delphos Herald,7097,neighborhood,Delphos,city,OH
Cherry Road Community News ,CR Community News - OH - The Delphos Herald,7097,neighborhood,Fort Jennings,city,OH
Cherry Road Community News ,CR Community News - OH - The Delphos Herald,7097,neighborhood,Gomer,city,OH
Cherry Road Community News ,CR Community News - OH - The Delphos Herald,7097,neighborhood,Middle Point,city,OH
Cherry Road Community News ,CR Community News - OH - The Delphos Herald,7097,neighborhood,Ottoville,city,OH
Cherry Road Community News ,CR Community News - OH - The Delphos Herald,7097,neighborhood,Rimer,neighborhood,OH
Cherry Road Community News ,CR Community News - OH - The Delphos Herald,7097,neighborhood,Rushmore,neighborhood,OH
Cherry Road Community News ,CR Community News - OH - The Delphos Herald,7097,neighborhood,Scotts Crossing,neighborhood,OH
Cherry Road Community News ,CR Community News - OH - The Delphos Herald,7097,neighborhood,Southworth,neighborhood,OH
Cherry Road Community News ,CR Community News - OH - The Delphos Herald,7097,neighborhood,Van Wert,county,OH
Cherry Road Community News ,CR Community News - OH - The Delphos Herald,7097,neighborhood,Vaughnsville,city,OH
Cherry Road Community News ,CR Community News - OH - Times Bulletin Media,7094,county,Convoy,city,OH
Cherry Road Community News ,CR Community News - OH - Times Bulletin Media,7094,county,Delphos,city,OH
Cherry Road Community News ,CR Community News - OH - Times Bulletin Media,7094,county,Elgin,city,OH
Cherry Road Community News ,CR Community News - OH - Times Bulletin Media,7094,county,Middle Point,city,OH
Cherry Road Community News ,CR Community News - OH - Times Bulletin Media,7094,county,Scott,city,OH
Cherry Road Community News ,CR Community News - OH - Times Bulletin Media,7094,county,Van Wert,county,OH
Cherry Road Community News ,CR Community News - OH - Times Bulletin Media,7094,county,Van Wert,city,OH
Cherry Road Community News ,CR Community News - OH - Times Bulletin Media,7094,county,Venedocia,city,OH
Cherry Road Community News ,CR Community News - OH - Times Bulletin Media,7094,county,Willshire,city,OH
Cherry Road Community News ,CR Community News - OH - Times Bulletin Media,7094,county,Wren,city,OH
Cherry Road Community News ,CR Community News - OH - West Columbus,6988,zip,43204,zip,OH
Cherry Road Community News ,CR Community News - OH - West Columbus,6988,zip,43222,zip,OH
Cherry Road Community News ,CR Community News - OH - West Columbus,6988,zip,43223,zip,OH
Cherry Road Community News ,CR Community News - OH - West Columbus,6988,zip,43228,zip,OH
Cherry Road Community News ,CR Community News - OH - Westgate,6991,zip,43204,zip,OH
Cherry Road Community News ,CR Community News - OH - Westgate,6991,zip,43222,zip,OH
Cherry Road Community News ,CR Community News - OH - Westgate,6991,zip,43223,zip,OH
Cherry Road Community News ,CR Community News - OH - Westgate,6991,zip,43228,zip,OH
Cherry Road Community News ,CR Community News - OK - The Ardmoreite,7100,neighborhood,Ardmore,city,OK
Cherry Road Community News ,CR Community News - OK - The Ardmoreite,7100,neighborhood,Carter,county,OK
Cherry Road Community News ,CR Community News - OK - The Ardmoreite,7100,neighborhood,Davis,city,OK
Cherry Road Community News ,CR Community News - OK - The Ardmoreite,7100,neighborhood,Dickson,city,OK
Cherry Road Community News ,CR Community News - OK - The Ardmoreite,7100,neighborhood,Dougherty,city,OK
Cherry Road Community News ,CR Community News - OK - The Ardmoreite,7100,neighborhood,Fox,city,OK
Cherry Road Community News ,CR Community News - OK - The Ardmoreite,7100,neighborhood,Gene Autry,city,OK
Cherry Road Community News ,CR Community News - OK - The Ardmoreite,7100,neighborhood,Healdton,city,OK
Cherry Road Community News ,CR Community News - OK - The Ardmoreite,7100,neighborhood,Lone Grove,city,OK
Cherry Road Community News ,CR Community News - OK - The Ardmoreite,7100,neighborhood,Murray,county,OK
Cherry Road Community News ,CR Community News - OK - The Ardmoreite,7100,neighborhood,Ratliff City,city,OK
Cherry Road Community News ,CR Community News - OK - The Ardmoreite,7100,neighborhood,Springer,city,OK
Cherry Road Community News ,CR Community News - OK - The Ardmoreite,7100,neighborhood,Sulphur,city,OK
Cherry Road Community News ,CR Community News - OK - The Ardmoreite,7100,neighborhood,Tatums,city,OK
Cherry Road Community News ,CR Community News - OK - The Ardmoreite,7100,neighborhood,Wilson,neighborhood,OK
Cherry Road Community News ,CR Community News - OK - The Shawnee News-Star,7099,city,Agra,city,OK
Cherry Road Community News ,CR Community News - OK - The Shawnee News-Star,7099,city,Aydelotte,neighborhood,OK
Cherry Road Community News ,CR Community News - OK - The Shawnee News-Star,7099,city,Bethel Acres,city,OK
Cherry Road Community News ,CR Community News - OK - The Shawnee News-Star,7099,city,Bowlegs,city,OK
Cherry Road Community News ,CR Community News - OK - The Shawnee News-Star,7099,city,Carney,city,OK
Cherry Road Community News ,CR Community News - OK - The Shawnee News-Star,7099,city,Chandler,city,OK
Cherry Road Community News ,CR Community News - OK - The Shawnee News-Star,7099,city,Cromwell,city,OK
Cherry Road Community News ,CR Community News - OK - The Shawnee News-Star,7099,city,Dale,city,OK
Cherry Road Community News ,CR Community News - OK - The Shawnee News-Star,7099,city,Davenport,city,OK
Cherry Road Community News ,CR Community News - OK - The Shawnee News-Star,7099,city,Dixon,neighborhood,OK
Cherry Road Community News ,CR Community News - OK - The Shawnee News-Star,7099,city,Fallis,city,OK
Cherry Road Community News ,CR Community News - OK - The Shawnee News-Star,7099,city,Harjo,neighborhood,OK
Cherry Road Community News ,CR Community News - OK - The Shawnee News-Star,7099,city,Johnson,city,OK
Cherry Road Community News ,CR Community News - OK - The Shawnee News-Star,7099,city,Kendrick,city,OK
Cherry Road Community News ,CR Community News - OK - The Shawnee News-Star,7099,city,Konawa,city,OK
Cherry Road Community News ,CR Community News - OK - The Shawnee News-Star,7099,city,Lima,city,OH
Cherry Road Community News ,CR Community News - OK - The Shawnee News-Star,7099,city,Lincoln,county,OK
Cherry Road Community News ,CR Community News - OK - The Shawnee News-Star,7099,city,Little,neighborhood,OK
Cherry Road Community News ,CR Community News - OK - The Shawnee News-Star,7099,city,Maud,city,OK
Cherry Road Community News ,CR Community News - OK - The Shawnee News-Star,7099,city,McLoud,city,OK
Cherry Road Community News ,CR Community News - OK - The Shawnee News-Star,7099,city,Meeker,city,OK
Cherry Road Community News ,CR Community News - OK - The Shawnee News-Star,7099,city,Pottawatomie,county,OK
Cherry Road Community News ,CR Community News - OK - The Shawnee News-Star,7099,city,Prague,city,OK
Cherry Road Community News ,CR Community News - OK - The Shawnee News-Star,7099,city,Seminole,county,OK
Cherry Road Community News ,CR Community News - OK - The Shawnee News-Star,7099,city,Shawnee,city,OK
Cherry Road Community News ,CR Community News - OK - The Shawnee News-Star,7099,city,Sparks,city,OK
Cherry Road Community News ,CR Community News - OK - The Shawnee News-Star,7099,city,Stroud,city,OK
Cherry Road Community News ,CR Community News - OK - The Shawnee News-Star,7099,city,Tecumseh,city,OK
Cherry Road Community News ,CR Community News - OK - The Shawnee News-Star,7099,city,Warwick,city,OK
Cherry Road Community News ,CR Community News - OK - The Shawnee News-Star,7099,city,Wellston,city,OK
Cherry Road Community News ,CR Community News - OK - The Shawnee News-Star,7099,city,Wewoka,city,OK
Cherry Road Community News ,CR Community News - TX - Alice Echo News-Journal,6968,county,Alfred,city,TX
Cherry Road Community News ,CR Community News - TX - Alice Echo News-Journal,6968,county,Alice,city,TX
Cherry Road Community News ,CR Community News - TX - Alice Echo News-Journal,6968,county,Alice Acres,city,TX
Cherry Road Community News ,CR Community News - TX - Alice Echo News-Journal,6968,county,Amargosa,city,TX
Cherry Road Community News ,CR Community News - TX - Alice Echo News-Journal,6968,county,Ben Bolt,city,TX
Cherry Road Community News ,CR Community News - TX - Alice Echo News-Journal,6968,county,Coyote Acres,city,TX
Cherry Road Community News ,CR Community News - TX - Alice Echo News-Journal,6968,county,Jim Wells,county,TX
Cherry Road Community News ,CR Community News - TX - Alice Echo News-Journal,6968,county,K-Bar Ranch,city,TX
Cherry Road Community News ,CR Community News - TX - Alice Echo News-Journal,6968,county,Loma Linda East,city,TX
Cherry Road Community News ,CR Community News - TX - Alice Echo News-Journal,6968,county,Orange Grove,city,TX
Cherry Road Community News ,CR Community News - TX - Alice Echo News-Journal,6968,county,Owl Ranch,city,TX
Cherry Road Community News ,CR Community News - TX - Alice Echo News-Journal,6968,county,Pernitas Point,neighborhood,TX
Cherry Road Community News ,CR Community News - TX - Alice Echo News-Journal,6968,county,Premont,city,TX
Cherry Road Community News ,CR Community News - TX - Alice Echo News-Journal,6968,county,Rancho Alegre,city,TX
Cherry Road Community News ,CR Community News - TX - Alice Echo News-Journal,6968,county,Sandia,city,TX
Cherry Road Community News ,CR Community News - TX - Alice Echo News-Journal,6968,county,San Diego,city,TX
Cherry Road Community News ,CR Community News - TX - Alice Echo News-Journal,6968,county,South La Paloma,city,TX
Cherry Road Community News ,CR Community News - TX - Alice Echo News-Journal,6968,county,Westdale,city,TX
Cherry Road Community News ,CR Community News - TX - Brownwood Bulletin,6962,county,Bangs,city,TX
Cherry Road Community News ,CR Community News - TX - Brownwood Bulletin,6962,county,Blanket,city,TX
Cherry Road Community News ,CR Community News - TX - Brownwood Bulletin,6962,county,Brown,county,TX
Cherry Road Community News ,CR Community News - TX - Brownwood Bulletin,6962,county,Brownwood,city,TX
Cherry Road Community News ,CR Community News - TX - Brownwood Bulletin,6962,county,Early,city,TX
Cherry Road Community News ,CR Community News - TX - Brownwood Bulletin,6962,county,Lake Brownwood,city,TX
Cherry Road Community News ,CR Community News - TX - Brownwood Bulletin,6962,county,May,city,TX
Cherry Road Community News ,CR Community News - TX - Brownwood Bulletin,6962,county,Thunderbird Bay,city,TX
Cherry Road Community News ,CR Community News - TX - Brownwood Bulletin,6962,county,Zephyr,city,TX
Cherry Road Community News ,CR Community News - TX - Glen Rose Reporter,6965,county,Glen Rose,city,TX
Cherry Road Community News ,CR Community News - TX - Glen Rose Reporter,6965,county,Somervell,county,TX
Cherry Road Community News ,CR Community News - TX - Palo Pinto Press,6964,county,Gordon,city,TX
Cherry Road Community News ,CR Community News - TX - Palo Pinto Press,6964,county,Graford,city,TX
Cherry Road Community News ,CR Community News - TX - Palo Pinto Press,6964,county,Mineral Wells,city,TX
Cherry Road Community News ,CR Community News - TX - Palo Pinto Press,6964,county,Mingus,city,TX
Cherry Road Community News ,CR Community News - TX - Palo Pinto Press,6964,county,Palo Pinto,county,TX
Cherry Road Community News ,CR Community News - TX - Palo Pinto Press,6964,county,Palo Pinto,city,TX
Cherry Road Community News ,CR Community News - TX - Palo Pinto Press,6964,county,Santo,city,TX
Cherry Road Community News ,CR Community News - TX - Palo Pinto Press,6964,county,Strawn,city,TX
Cherry Road Community News ,CR Community News - TX - Runnels County Register,6966,county,Ballinger,city,TX
Cherry Road Community News ,CR Community News - TX - Runnels County Register,6966,county,Miles,city,TX
Cherry Road Community News ,CR Community News - TX - Runnels County Register,6966,county,Rowena,city,TX
Cherry Road Community News ,CR Community News - TX - Runnels County Register,6966,county,Runnels,county,TX
Cherry Road Community News ,CR Community News - TX - Runnels County Register,6966,county,Wingate,city,TX
Cherry Road Community News ,CR Community News - TX - Runnels County Register,6966,county,Winters,city,TX
Cherry Road Community News ,CR Community News - TX - Sherman Herald-Democrat,6969,county,Grayson,county,TX
Cherry Road Community News ,CR Community News - TX - Sherman Herald-Democrat,6969,county,Knollwood,city,TX
Cherry Road Community News ,CR Community News - TX - Sherman Herald-Democrat,6969,county,Luella,neighborhood,TX
Cherry Road Community News ,CR Community News - TX - Sherman Herald-Democrat,6969,county,Sherman,city,TX
Cherry Road Community News ,CR Community News - TX - Sherman Herald-Democrat,6969,county,Southmayd,city,TX
Cherry Road Community News ,CR Community News - TX - Stephenville Empire-Tribune,6963,county,Bluff Dale,city,TX
Cherry Road Community News ,CR Community News - TX - Stephenville Empire-Tribune,6963,county,Dublin,city,TX
Cherry Road Community News ,CR Community News - TX - Stephenville Empire-Tribune,6963,county,Erath,county,TX
Cherry Road Community News ,CR Community News - TX - Stephenville Empire-Tribune,6963,county,Huckabay,city,TX
Cherry Road Community News ,CR Community News - TX - Stephenville Empire-Tribune,6963,county,Lingleville,city,TX
Cherry Road Community News ,CR Community News - TX - Stephenville Empire-Tribune,6963,county,Stephenville,city,TX
Cherry Road Community News ,CR Community News - TX - Waxahachie Daily Light,6967,county,Ellis,county,TX
Cherry Road Community News ,CR Community News - TX - Waxahachie Daily Light,6967,county,Midlothian,city,TX
Cherry Road Community News ,CR Community News - TX - Waxahachie Daily Light,6967,county,Oak Leaf,city,TX
Cherry Road Community News ,CR Community News - TX - Waxahachie Daily Light,6967,county,Ovilla,city,TX
Cherry Road Community News ,CR Community News - UT - The Richfield Reaper,7022,city,Annabella,city,UT
Cherry Road Community News ,CR Community News - UT - The Richfield Reaper,7022,city,Aurora,city,UT
Cherry Road Community News ,CR Community News - UT - The Richfield Reaper,7022,city,Central Valley,city,UT
Cherry Road Community News ,CR Community News - UT - The Richfield Reaper,7022,city,Elsinore,city,UT
Cherry Road Community News ,CR Community News - UT - The Richfield Reaper,7022,city,Glenwood,city,UT
Cherry Road Community News ,CR Community News - UT - The Richfield Reaper,7022,city,Joseph,city,UT
Cherry Road Community News ,CR Community News - UT - The Richfield Reaper,7022,city,Koosharem,city,UT
Cherry Road Community News ,CR Community News - UT - The Richfield Reaper,7022,city,Monroe,city,UT
Cherry Road Community News ,CR Community News - UT - The Richfield Reaper,7022,city,Piute,county,UT
Cherry Road Community News ,CR Community News - UT - The Richfield Reaper,7022,city,Redmond,city,UT
Cherry Road Community News ,CR Community News - UT - The Richfield Reaper,7022,city,Richfield,city,UT
Cherry Road Community News ,CR Community News - UT - The Richfield Reaper,7022,city,Salina,city,UT
Cherry Road Community News ,CR Community News - UT - The Richfield Reaper,7022,city,Sevier,county,UT
Cherry Road Community News ,CR Community News - UT - The Richfield Reaper,7022,city,Sigurd,city,UT
Cherry Road Community News ,CR Community News - UT - The Richfield Reaper,7022,city,Wayne,county,UT
Cherry Road Community News ,CR Community News - UT - Uintah Basin Standard,7023,county,Ballard,city,UT
Cherry Road Community News ,CR Community News - UT - Uintah Basin Standard,7023,county,Daggett,county,UT
Cherry Road Community News ,CR Community News - UT - Uintah Basin Standard,7023,county,Duchesne,city,UT
Cherry Road Community News ,CR Community News - UT - Uintah Basin Standard,7023,county,Duchesne,county,UT
Cherry Road Community News ,CR Community News - UT - Uintah Basin Standard,7023,county,Myton,city,UT
Cherry Road Community News ,CR Community News - UT - Uintah Basin Standard,7023,county,Roosevelt,city,UT
Cherry Road Community News ,CR Community News - UT - Uintah Basin Standard,7023,county,Uintah,county,UT
Cherry Road Community News ,CR Community News - UT - Vernal Express,7024,city,Daggett,county,UT
Cherry Road Community News ,CR Community News - UT - Vernal Express,7024,city,Maeser,city,UT
Cherry Road Community News ,CR Community News - UT - Vernal Express,7024,city,Naples,city,UT
Cherry Road Community News ,CR Community News - UT - Vernal Express,7024,city,Uintah,county,UT
Cherry Road Community News ,CR Community News - UT - Vernal Express,7024,city,Vernal,city,UT
