project,state,city,churches,last_scraped,covered
CR Community News - AL - The Clayton Record ,AL,Bakerhill,0,,NO
CR Community News - AL - The Clayton Record ,AL,Clayton,0,,NO
CR Community News - AL - The Clayton Record ,AL,Clio,1,2026-04-22 03:05:49,yes
CR Community News - AL - The Clayton Record ,GA,Comer,0,,NO
CR Community News - AL - The Clayton Record ,AL,Eufaula,1,2026-04-22 03:06:19,yes
CR Community News - AL - The Clayton Record ,GA,Georgetown,0,,NO
CR Community News - AL - The Clayton Record ,AL,Louisville,0,,NO
CR Community News - AR - Areawide News,AR,Ash Flat,0,,NO
CR Community News - AR - Areawide News,AR,Calico Rock,0,,NO
CR Community News - AR - Areawide News,AR,Cave City,0,,NO
CR Community News - AR - Areawide News,AR,Guion,0,,NO
CR Community News - AR - Areawide News,AR,Horseshoe Bend,1,2026-04-22 03:11:17,yes
CR Community News - AR - Areawide News,AR,Mammoth Spring,0,,NO
CR Community News - AR - Areawide News,AR,Melbourne,0,,NO
CR Community News - AR - Areawide News,AR,Mount Olive,0,,NO
CR Community News - AR - Areawide News,AR,Oxford,0,,NO
CR Community News - AR - Areawide News,AR,Ozark Acres,0,,NO
CR Community News - AR - Areawide News,AR,Pineville,0,,NO
CR Community News - AR - Areawide News,AR,Sidney,0,,NO
CR Community News - AR - Areawide News,AR,Viola,0,,NO
CR Community News - AR - Areawide News,AR,Violet Hill,0,,NO
CR Community News - AR - Areawide News,AR,Williford,0,,NO
CR Community News - AR - Clay County Courier,AR,Corning,2,2026-04-22 03:10:20,yes
CR Community News - AR - Clay County Courier,AR,Datto,0,,NO
CR Community News - AR - Clay County Courier,AR,Knobel,0,,NO
CR Community News - AR - Clay County Courier,AR,McDougal,0,,NO
CR Community News - AR - Clay County Courier,AR,Peach Orchard,0,,NO
CR Community News - AR - Clay County Courier,AR,Success,0,,NO
CR Community News - AR - Clay County Times-Democrat,AR,Corning,2,2026-04-22 03:10:20,yes
CR Community News - AR - Clay County Times-Democrat,AR,Greenway,0,,NO
CR Community News - AR - Clay County Times-Democrat,AR,Nimmons,0,,NO
CR Community News - AR - Clay County Times-Democrat,AR,Piggott,0,,NO
CR Community News - AR - Clay County Times-Democrat,AL,Pollard,0,,NO
CR Community News - AR - Clay County Times-Democrat,AR,Rector,0,,NO
CR Community News - AR - Clay County Times-Democrat,AR,St. Francis,0,,NO
CR Community News - AR - Marshall Mountain Wave,AR,Big Flat,0,,NO
CR Community News - AR - Marshall Mountain Wave,AR,Gilbert,0,,NO
CR Community News - AR - Marshall Mountain Wave,AR,Leslie,0,,NO
CR Community News - AR - Marshall Mountain Wave,AR,Marshall,0,,NO
CR Community News - AR - Marshall Mountain Wave,AR,Pindall,0,,NO
CR Community News - AR - Marshall Mountain Wave,AR,St. Joe,0,,NO
CR Community News - AR - Marshall Mountain Wave,AR,Witts Springs,0,,NO
CR Community News - AR - Pocahontas Star Herald,AR,Biggers,0,,NO
CR Community News - AR - Pocahontas Star Herald,AR,Maynard,0,,NO
CR Community News - AR - Pocahontas Star Herald,AR,O'Kean,0,,NO
CR Community News - AR - Pocahontas Star Herald,AR,Pocahontas,2,2026-04-22 03:12:46,yes
CR Community News - AR - Pocahontas Star Herald,AR,Ravenden Springs,0,,NO
CR Community News - AR - Pocahontas Star Herald,AR,Reyno,0,,NO
CR Community News - AR - Pocahontas Star Herald,AR,Warm Springs,0,,NO
CR Community News - CO - Bent County Democrat,CO,Hasty,0,,NO
CR Community News - CO - Bent County Democrat,CO,Las Animas,1,2026-02-21 13:17:41,yes
CR Community News - CO - Bent County Democrat,CO,McClave,0,,NO
CR Community News - CO - La Junta Tribune-Democrat,CO,Cheraw,0,,NO
CR Community News - CO - La Junta Tribune-Democrat,CO,Fowler,1,2026-02-21 13:16:20,yes
CR Community News - CO - La Junta Tribune-Democrat,CO,La Junta,1,2026-02-21 13:17:25,yes
CR Community News - CO - La Junta Tribune-Democrat,CO,La Junta Gardens,0,,NO
CR Community News - CO - La Junta Tribune-Democrat,CO,Manzanola,0,,NO
CR Community News - CO - La Junta Tribune-Democrat,CO,North La Junta,0,,NO
CR Community News - CO - La Junta Tribune-Democrat,CO,Rocky Ford,1,2026-02-21 13:19:28,yes
CR Community News - CO - La Junta Tribune-Democrat,CO,Swink,0,,NO
CR Community News - GA - The Claxton Enterprise,GA,Bellville,0,,NO
CR Community News - GA - The Claxton Enterprise,GA,Claxton,1,2026-02-21 14:33:39,yes
CR Community News - GA - The Claxton Enterprise,GA,Daisy,0,,NO
CR Community News - GA - The Claxton Enterprise,GA,Hagan,0,,NO
CR Community News - IA - The Hamburg Reporter,IA,Anderson,0,,NO
CR Community News - IA - The Hamburg Reporter,IA,Bartlett,0,,NO
CR Community News - IA - The Hamburg Reporter,IA,Farragut,0,,NO
CR Community News - IA - The Hamburg Reporter,IA,Hamburg,1,2026-02-21 17:35:39,yes
CR Community News - IA - The Hamburg Reporter,IA,Imogene,1,2026-02-21 17:36:20,yes
CR Community News - IA - The Hamburg Reporter,IA,Percival,0,,NO
CR Community News - IA - The Hamburg Reporter,IA,Randolph,0,,NO
CR Community News - IA - The Hamburg Reporter,IA,Riverton,0,,NO
CR Community News - IA - The Hamburg Reporter,IA,Shenandoah,1,2026-02-21 17:43:35,yes
CR Community News - IA - The Hamburg Reporter,IA,Sidney,0,,NO
CR Community News - IA - The Hamburg Reporter,IA,Tabor,0,,NO
CR Community News - IA - The Hamburg Reporter,IA,Thurman,0,,NO
CR Community News - ID - The Star News,ID,Cascade,1,2026-02-21 14:51:52,yes
CR Community News - ID - The Star News,ID,Donnelly,0,,NO
CR Community News - ID - The Star News,ID,McCall,1,2026-02-21 14:53:05,yes
CR Community News - ID - The Star News,ID,Smiths Ferry,0,,NO
CR Community News - ID - The Star News,ID,Yellow Pine,0,,NO
CR Community News - IL - Cass County Star-Gazette,IL,Arenzville,1,2026-02-21 15:28:18,yes
CR Community News - IL - Cass County Star-Gazette,IL,Ashland,1,2026-02-21 15:28:35,yes
CR Community News - IL - Cass County Star-Gazette,IL,Beardstown,1,2026-02-21 15:29:32,yes
CR Community News - IL - Cass County Star-Gazette,IL,Chandlerville,0,,NO
CR Community News - IL - Cass County Star-Gazette,IL,Virginia,1,2026-02-21 16:07:23,yes
CR Community News - IN - Register Publications,IN,Aurora,1,2026-02-21 16:28:31,yes
CR Community News - IN - Register Publications,IN,Bright,0,,NO
CR Community News - IN - Register Publications,IN,Dillsboro,0,,NO
CR Community News - IN - Register Publications,IN,Greendale,0,,NO
CR Community News - IN - Register Publications,OH,Harrison,2,2026-02-21 08:49:46,yes
CR Community News - IN - Register Publications,IN,Hidden Valley,0,,NO
CR Community News - IN - Register Publications,IN,Lawrenceburg,2,2026-02-21 16:45:10,yes
CR Community News - IN - Register Publications,IN,Moores Hill,0,,NO
CR Community News - IN - Register Publications,IN,St. Leon,1,2026-02-21 16:52:16,yes
CR Community News - IN - Register Publications,IN,West Harrison,0,,NO
CR Community News - IN - The Alexandria Times-Tribune,IN,Alexandria,1,2026-02-21 16:28:17,yes
CR Community News - IN - The Alexandria Times-Tribune,IN,Orestes,0,,NO
CR Community News - IN - The Call-Leader,IN,Elwood,1,2026-02-21 16:38:42,yes
CR Community News - IN - The Call-Leader,IN,Frankton,0,,NO
CR Community News - IN - Tipton County Tribune ,IN,Elwood,1,2026-02-21 16:38:42,yes
CR Community News - IN - Tipton County Tribune ,IN,Kempton,0,,NO
CR Community News - IN - Tipton County Tribune ,IN,Sharpsville,0,,NO
CR Community News - IN - Tipton County Tribune ,IN,Tipton,2,2026-02-21 16:54:21,yes
CR Community News - IN - Tipton County Tribune ,IN,Windfall City,0,,NO
CR Community News - KS - Atchison Globe,KS,Atchison,8,2026-02-21 18:03:27,yes
CR Community News - KS - Atchison Globe,KS,Effingham,1,2026-02-21 18:05:21,yes
CR Community News - KS - Atchison Globe,KS,Huron,0,,NO
CR Community News - KS - Atchison Globe,KS,Lancaster,0,,NO
CR Community News - KS - Atchison Globe,KS,Muscotah,0,,NO
CR Community News - KS - Butler County Times-Gazette,KS,Andover,1,2026-02-21 18:03:06,yes
CR Community News - KS - Butler County Times-Gazette,KS,Augusta,1,2026-02-21 18:03:30,yes
CR Community News - KS - Butler County Times-Gazette,KS,Beaumont,0,,NO
CR Community News - KS - Butler County Times-Gazette,KS,Benton,0,,NO
CR Community News - KS - Butler County Times-Gazette,KS,Cassoday,0,,NO
CR Community News - KS - Butler County Times-Gazette,KS,Douglass,0,,NO
CR Community News - KS - Butler County Times-Gazette,KS,Elbing,0,,NO
CR Community News - KS - Butler County Times-Gazette,KS,El Dorado,1,2026-02-21 18:05:22,yes
CR Community News - KS - Butler County Times-Gazette,KS,Latham,0,,NO
CR Community News - KS - Butler County Times-Gazette,KS,Leon,0,,NO
CR Community News - KS - Butler County Times-Gazette,KS,Potwin,0,,NO
CR Community News - KS - Butler County Times-Gazette,KS,Rosalia,0,,NO
CR Community News - KS - Butler County Times-Gazette,KS,Rose Hill,0,,NO
CR Community News - KS - Butler County Times-Gazette,KS,Towanda,0,,NO
CR Community News - KS - Butler County Times-Gazette,KS,Whitewater,0,,NO
CR Community News - KS - Dodge City Daily Globe,KS,Bucklin,0,,NO
CR Community News - KS - Dodge City Daily Globe,KS,Dodge City,1,2026-02-21 18:05:10,yes
CR Community News - KS - Dodge City Daily Globe,KS,Ford,0,,NO
CR Community News - KS - Dodge City Daily Globe,KS,Fort Dodge,0,,NO
CR Community News - KS - Dodge City Daily Globe,KS,Spearville,1,2026-02-21 18:13:21,yes
CR Community News - KS - Dodge City Daily Globe,KS,Wilroads Gardens,0,,NO
CR Community News - KS - Dodge City Daily Globe,KS,Wright,1,2026-02-21 18:15:21,yes
CR Community News - KS - Hiawatha World,KS,Everest,0,,NO
CR Community News - KS - Hiawatha World,KS,Hamlin,0,,NO
CR Community News - KS - Hiawatha World,KS,Hiawatha,1,2026-02-21 18:07:06,yes
CR Community News - KS - Hiawatha World,KS,Horton,1,2026-02-21 18:07:20,yes
CR Community News - KS - Hiawatha World,KS,Morrill,0,,NO
CR Community News - KS - Hiawatha World,KS,Reserve,0,,NO
CR Community News - KS - Hiawatha World,KS,Robinson,0,,NO
CR Community News - KS - Hiawatha World,KS,Sabetha,2,2026-02-21 18:12:25,yes
CR Community News - KS - Hiawatha World,KS,Willis,0,,NO
CR Community News - KS - Leavenworth Times,KS,Basehor,1,2026-02-21 18:03:43,yes
CR Community News - KS - Leavenworth Times,KS,Bonner Springs,0,,NO
CR Community News - KS - Leavenworth Times,KS,Lansing,1,2026-02-21 18:09:18,yes
CR Community News - KS - Leavenworth Times,KS,Leavenworth,5,2026-02-21 18:09:33,yes
CR Community News - KS - Leavenworth Times,KS,Linwood,0,,NO
CR Community News - KS - Leavenworth Times,KS,Tonganoxie,1,2026-02-21 18:13:42,yes
CR Community News - KS - McPherson Sentinel,KS,Elyria,0,,NO
CR Community News - KS - McPherson Sentinel,KS,Galva,0,,NO
CR Community News - KS - McPherson Sentinel,KS,Inman,0,,NO
CR Community News - KS - McPherson Sentinel,KS,McPherson,1,2026-02-21 18:10:21,yes
CR Community News - KS - Ottawa Herald,KS,Centropolis,0,,NO
CR Community News - KS - Ottawa Herald,KS,Ottawa,1,2026-02-21 18:11:33,yes
CR Community News - KS - Ottawa Herald,KS,Pomona,0,,NO
CR Community News - KS - Ottawa Herald,KS,Princeton,0,,NO
CR Community News - KS - Ottawa Herald,KS,Rantoul,0,,NO
CR Community News - KS - Ottawa Herald,KS,Wellsville,0,,NO
CR Community News - KS - Ottawa Herald,KS,Williamsburg,3,2026-02-21 18:15:15,yes
CR Community News - KS - The Garden City Telegram,KS,Garden City,2,2026-02-21 18:06:08,yes
CR Community News - KS - The Garden City Telegram,KS,Holcomb,0,,NO
CR Community News - KS - The Garden City Telegram,KS,Pierceville,0,,NO
CR Community News - KS - The Hays Daily News,KS,Catharine,1,2026-02-21 18:04:22,yes
CR Community News - KS - The Hays Daily News,KS,Ellis,1,2026-02-21 18:05:27,yes
CR Community News - KS - The Hays Daily News,KS,Hays,4,2026-02-21 18:06:59,yes
CR Community News - KS - The Hays Daily News,KS,Munjor,1,2026-02-21 18:10:42,yes
CR Community News - KS - The Hays Daily News,KS,Schoenchen,1,2026-02-21 18:12:52,yes
CR Community News - KS - The Hays Daily News,KS,Victoria,1,2026-02-21 18:14:07,yes
CR Community News - KS - The Lindsborg News-Record,KS,Assaria,0,,NO
CR Community News - KS - The Lindsborg News-Record,KS,Falun,0,,NO
CR Community News - KS - The Lindsborg News-Record,KS,Lindsborg,1,2026-02-21 18:09:56,yes
CR Community News - KS - The Lindsborg News-Record,KS,Marquette,0,,NO
CR Community News - KS - The Miami County Republic,KS,Bucyrus,1,2026-02-21 18:04:10,yes
CR Community News - KS - The Miami County Republic,KS,Fontana,0,,NO
CR Community News - KS - The Miami County Republic,KS,Hillsdale,0,,NO
CR Community News - KS - The Miami County Republic,KS,Louisburg,1,2026-02-21 18:10:00,yes
CR Community News - KS - The Miami County Republic,KS,Osawatomie,1,2026-02-21 18:11:27,yes
CR Community News - KS - The Miami County Republic,KS,Paola,1,2026-02-21 18:11:44,yes
CR Community News - KS - The Miami County Republic,KS,Somerset,0,,NO
CR Community News - KS - The Miami County Republic,KS,Spring Hill,0,,NO
CR Community News - KS - The Newton Kansan,KS,Burrton,0,,NO
CR Community News - KS - The Newton Kansan,KS,Halstead,1,2026-02-21 18:06:44,yes
CR Community News - KS - The Newton Kansan,KS,Hesston,0,,NO
CR Community News - KS - The Newton Kansan,KS,Newton,2,2026-02-21 18:10:57,yes
CR Community News - KS - The Newton Kansan,KS,North Newton,0,,NO
CR Community News - KS - The Newton Kansan,KS,Sedgwick,0,,NO
CR Community News - KS - The Newton Kansan,KS,Walton,0,,NO
CR Community News - KS - The Wellington Daily News,KS,Argonia,0,,NO
CR Community News - KS - The Wellington Daily News,KS,Belle Plaine,0,,NO
CR Community News - KS - The Wellington Daily News,KS,Caldwell,1,2026-02-21 18:04:16,yes
CR Community News - KS - The Wellington Daily News,KS,Conway Springs,1,2026-02-21 18:04:52,yes
CR Community News - KS - The Wellington Daily News,KS,Geuda Springs,0,,NO
CR Community News - KS - The Wellington Daily News,KS,Hunnewell,0,,NO
CR Community News - KS - The Wellington Daily News,KS,Mayfield,0,,NO
CR Community News - KS - The Wellington Daily News,KS,Milan,0,,NO
CR Community News - KS - The Wellington Daily News,KS,Milton,0,,NO
CR Community News - KS - The Wellington Daily News,KS,Mulvane,1,2026-02-21 18:10:39,yes
CR Community News - KS - The Wellington Daily News,KS,Oxford,1,2026-02-21 18:11:42,yes
CR Community News - KS - The Wellington Daily News,KS,Peck,0,,NO
CR Community News - KS - The Wellington Daily News,KS,South Haven,0,,NO
CR Community News - KS - The Wellington Daily News,KS,Wellington,1,2026-02-21 18:14:28,yes
CR Community News - KS - Tri-County Tribune,KS,Byers,0,,NO
CR Community News - KS - Tri-County Tribune,KS,Coats,0,,NO
CR Community News - KS - Tri-County Tribune,KS,Cullison,0,,NO
CR Community News - KS - Tri-County Tribune,KS,Greensburg,1,2026-02-21 18:06:39,yes
CR Community News - KS - Tri-County Tribune,KS,Haviland,0,,NO
CR Community News - KS - Tri-County Tribune,KS,Hudson,0,,NO
CR Community News - KS - Tri-County Tribune,KS,Iuka,0,,NO
CR Community News - KS - Tri-County Tribune,KS,Macksville,0,,NO
CR Community News - KS - Tri-County Tribune,KS,Mullinville,0,,NO
CR Community News - KS - Tri-County Tribune,KS,Pratt,1,2026-02-21 18:12:08,yes
CR Community News - KS - Tri-County Tribune,KS,Preston,0,,NO
CR Community News - KS - Tri-County Tribune,KS,Radium,0,,NO
CR Community News - KS - Tri-County Tribune,KS,Sawyer,0,,NO
CR Community News - KS - Tri-County Tribune,KS,Seward,1,2026-02-21 18:13:06,yes
CR Community News - KS - Tri-County Tribune,KS,St. John,1,2026-02-21 18:12:30,yes
CR Community News - MA - Millbury-Sutton Chronicle,MA,Millbury,2,2026-02-21 20:14:44,yes
CR Community News - MA - Millbury-Sutton Chronicle,MA,Sutton,1,2026-02-21 20:23:02,yes
CR Community News - MA - The Clinton Item,MA,Clinton,1,2026-02-21 20:05:37,yes
CR Community News - MA - The Clinton Item,MA,Lancaster,1,2026-02-21 20:11:48,yes
CR Community News - MA - The Grafton News,MA,Grafton,0,,NO
CR Community News - MA - The Landmark,MA,Holden,0,,NO
CR Community News - MA - The Landmark,MA,Paxton,1,2026-02-21 20:17:57,yes
CR Community News - MA - The Landmark,MA,Rutland,1,2026-02-21 20:20:26,yes
CR Community News - MA - The Landmark,MA,Sterling,1,2026-02-21 20:22:37,yes
CR Community News - MI - The Arenac County Independent ,MI,Au Gres,1,2026-02-21 20:51:35,yes
CR Community News - MI - The Arenac County Independent ,MI,Omer,0,,NO
CR Community News - MI - The Arenac County Independent ,MI,Standish,1,2026-02-21 21:13:21,yes
CR Community News - MI - The Arenac County Independent ,MI,Sterling,0,,NO
CR Community News - MI - The Arenac County Independent ,MI,Twining,0,,NO
CR Community News - MI - The Ogemaw County Herald,MI,Prescott,1,2026-02-21 21:09:52,yes
CR Community News - MI - The Ogemaw County Herald,MI,Rose City,0,,NO
CR Community News - MI - The Ogemaw County Herald,MI,West Branch,1,2026-02-21 21:16:42,yes
CR Community News - MI - The Oscoda County Herald,MI,Mio,1,2026-02-21 21:06:33,yes
CR Community News - MN - Lake County Press,MN,Beaver Bay,0,,NO
CR Community News - MN - Lake County Press,MN,Finland,0,,NO
CR Community News - MN - Lake County Press,MN,Knife River,0,,NO
CR Community News - MN - Lake County Press,MN,Silver Bay,1,2026-02-21 21:57:31,yes
CR Community News - MN - Lake County Press,MN,Two Harbors,1,2026-02-21 21:58:59,yes
CR Community News - MN - Montevideo American News,MN,Clara City,1,2026-02-21 21:40:50,yes
CR Community News - MN - Montevideo American News,MN,Maynard,0,,NO
CR Community News - MN - Montevideo American News,MN,Montevideo,1,2026-02-21 21:51:33,yes
CR Community News - MN - Montevideo American News,MN,Watson,0,,NO
CR Community News - MN - St. James Plaindealer,MN,Butterfield,0,,NO
CR Community News - MN - St. James Plaindealer,MN,Darfur,0,,NO
CR Community News - MN - St. James Plaindealer,MN,La Salle,0,,NO
CR Community News - MN - St. James Plaindealer,MN,Madelia,1,2026-02-21 21:49:18,yes
CR Community News - MN - St. James Plaindealer,MN,St. James,1,2026-02-21 21:55:43,yes
CR Community News - MN - The Cook County News Herald,MN,Grand Marais,1,2026-02-21 21:45:37,yes
CR Community News - MN - The Cook County News Herald,MN,Lutsen,0,,NO
CR Community News - MN - The Granite Falls Advocate-Tribune,MN,Clarkfield,0,,NO
CR Community News - MN - The Granite Falls Advocate-Tribune,MN,Echo,0,,NO
CR Community News - MN - The Granite Falls Advocate-Tribune,MN,Granite Falls,1,2026-02-21 21:45:45,yes
CR Community News - MN - The Granite Falls Advocate-Tribune,MN,Hazel Run,0,,NO
CR Community News - MN - The Granite Falls Advocate-Tribune,MN,Maynard,0,,NO
CR Community News - MN - The Granite Falls Advocate-Tribune,MN,Sacred Heart,0,,NO
CR Community News - MN - The Granite Falls Advocate-Tribune,MN,Wood Lake,0,,NO
CR Community News - MN - The Hutchinson Station,MN,Biscay,0,,NO
CR Community News - MN - The Hutchinson Station,MN,Brownton,0,,NO
CR Community News - MN - The Hutchinson Station,MN,Glencoe,1,2026-02-21 21:45:16,yes
CR Community News - MN - The Hutchinson Station,MN,Hutchinson,1,2026-02-21 21:47:04,yes
CR Community News - MN - The Hutchinson Station,MN,Lester Prairie,0,,NO
CR Community News - MN - The Hutchinson Station,MN,Plato,0,,NO
CR Community News - MN - The Hutchinson Station,MN,Silver Lake,2,2026-02-21 21:57:34,yes
CR Community News - MN - The Hutchinson Station,MN,Stewart,1,2026-02-21 21:58:25,yes
CR Community News - MN - The Hutchinson Station,MN,Winsted,1,2026-02-21 22:00:46,yes
CR Community News - MN - The Litchfield Rail,MN,Cedar Mills,0,,NO
CR Community News - MN - The Litchfield Rail,MN,Cosmos,0,,NO
CR Community News - MN - The Litchfield Rail,MN,Darwin,1,2026-02-21 21:41:56,yes
CR Community News - MN - The Litchfield Rail,MN,Dassel,0,,NO
CR Community News - MN - The Litchfield Rail,MN,Eden Valley,1,2026-02-21 21:43:10,yes
CR Community News - MN - The Litchfield Rail,MN,Grove City,1,2026-02-21 21:45:57,yes
CR Community News - MN - The Litchfield Rail,MN,Kingston,0,,NO
CR Community News - MN - The Litchfield Rail,MN,Litchfield,1,2026-02-21 21:48:48,yes
CR Community News - MN - The Litchfield Rail,MN,Watkins,1,2026-02-21 21:59:50,yes
CR Community News - MN - The Rainy Lake Gazette,MN,International Falls,1,2026-02-21 21:47:07,yes
CR Community News - MN - The Rainy Lake Gazette,MN,Littlefork,1,2026-02-21 21:48:58,yes
CR Community News - MN - The Redwood Falls Gazette,MN,Belview,0,,NO
CR Community News - MN - The Redwood Falls Gazette,MN,Clements,1,2026-02-21 21:41:02,yes
CR Community News - MN - The Redwood Falls Gazette,MN,Delhi,0,,NO
CR Community News - MN - The Redwood Falls Gazette,MN,Lamberton,1,2026-02-21 21:48:22,yes
CR Community News - MN - The Redwood Falls Gazette,MN,Lucan,1,2026-02-21 21:49:10,yes
CR Community News - MN - The Redwood Falls Gazette,MN,Milroy,2,2026-02-21 21:50:21,yes
CR Community News - MN - The Redwood Falls Gazette,MN,Morgan,1,2026-02-21 21:51:45,yes
CR Community News - MN - The Redwood Falls Gazette,MN,Redwood Falls,1,2026-02-21 21:54:11,yes
CR Community News - MN - The Redwood Falls Gazette,MN,Revere,0,,NO
CR Community News - MN - The Redwood Falls Gazette,MN,Sanborn,1,2026-02-21 21:56:55,yes
CR Community News - MN - The Redwood Falls Gazette,MN,Seaforth,1,2026-02-21 21:57:11,yes
CR Community News - MN - The Redwood Falls Gazette,MN,Vesta,0,,NO
CR Community News - MN - The Redwood Falls Gazette,MN,Wabasso,1,2026-02-21 21:59:28,yes
CR Community News - MN - The Redwood Falls Gazette,MN,Walnut Grove,1,2026-02-21 21:59:40,yes
CR Community News - MN - The Redwood Falls Gazette,MN,Wanda,1,2026-02-21 21:59:41,yes
CR Community News - MN - The Sleepy Eye Herald-Dispatch,MN,Essig,0,,NO
CR Community News - MN - The Sleepy Eye Herald-Dispatch,MN,Evan,0,,NO
CR Community News - MN - The Sleepy Eye Herald-Dispatch,MN,New Ulm,4,2026-02-21 21:52:22,yes
CR Community News - MN - The Sleepy Eye Herald-Dispatch,MN,Searles,0,,NO
CR Community News - MN - The Sleepy Eye Herald-Dispatch,MN,Sleepy Eye,2,2026-02-21 21:57:46,yes
CR Community News - MN - The Sleepy Eye Herald-Dispatch,MN,Stark,0,,NO
CR Community News - MN - The Tower News,MN,Babbitt,1,2026-02-21 21:38:32,yes
CR Community News - MN - The Tower News,MN,Ely,1,2026-02-21 21:43:37,yes
CR Community News - MN - The Tower News,MN,Tower,1,2026-02-21 21:58:47,yes
CR Community News - MN - Tri-County News,MN,Annandale,1,2026-02-21 21:38:03,yes
CR Community News - MN - Tri-County News,MN,Eden Valley,1,2026-02-21 21:43:10,yes
CR Community News - MN - Tri-County News,MN,Fairhaven,0,,NO
CR Community News - MN - Tri-County News,MN,Kimball,2,2026-02-21 21:47:43,yes
CR Community News - MN - Tri-County News,MN,Odin,0,,NO
CR Community News - MN - Tri-County News,MN,Ormsby,0,,NO
CR Community News - MN - Tri-County News,MN,South Haven,0,,NO
CR Community News - MN - Tri-County News,MN,Watkins,1,2026-02-21 21:59:50,yes
CR Community News - MO - Boonville Daily-News,MO,Blackwater,0,,NO
CR Community News - MO - Boonville Daily-News,MO,Boonville,1,2026-02-21 22:43:34,yes
CR Community News - MO - Boonville Daily-News,MO,Bunceton,0,,NO
CR Community News - MO - Boonville Daily-News,MO,Otterville,0,,NO
CR Community News - MO - Boonville Daily-News,,Pilot Grove,0,,NO
CR Community News - MO - Boonville Daily-News,MO,Prairie Home,0,,NO
CR Community News - MO - Boonville Daily-News,MO,Windsor Place,0,,NO
CR Community News - MO - Boonville Daily-News,MO,Wooldridge,0,,NO
CR Community News - MO - Centralia Fireside Guard,MO,Centralia,1,2026-02-21 22:44:38,yes
CR Community News - MO - Centralia Fireside Guard,MO,Hallsville,0,,NO
CR Community News - MO - Centralia Fireside Guard,MO,Sturgeon,0,,NO
CR Community News - MO - Constitution-Tribune,MO,Avalon,0,,NO
CR Community News - MO - Constitution-Tribune,MO,Chillicothe,1,2026-02-21 22:44:55,yes
CR Community News - MO - Constitution-Tribune,MO,Chula,0,,NO
CR Community News - MO - Constitution-Tribune,MO,Dawn,0,,NO
CR Community News - MO - Constitution-Tribune,MO,Ludlow,0,,NO
CR Community News - MO - Constitution-Tribune,MO,Mooresville,0,,NO
CR Community News - MO - Constitution-Tribune,MO,Utica,0,,NO
CR Community News - MO - Constitution-Tribune,MO,Wheeling,0,,NO
CR Community News - MO - Courier-Tribune,MO,Kearney,1,2026-02-21 22:50:26,yes
CR Community News - MO - Courier-Tribune,MO,Liberty,1,2026-02-21 22:51:29,yes
CR Community News - MO - Courier-Tribune,MO,Mosby,0,,NO
CR Community News - MO - Courier-Tribune,MO,Smithville,1,2026-02-21 22:58:24,yes
CR Community News - MO - Gladstone Dispatch,MO,Gladstone,1,2026-02-21 22:47:37,yes
CR Community News - MO - Linn County Leader,MO,Brookfield,1,2026-02-21 22:43:46,yes
CR Community News - MO - Linn County Leader,MO,Browning,0,,NO
CR Community News - MO - Linn County Leader,MO,Bucklin,0,,NO
CR Community News - MO - Linn County Leader,MO,Laclede,0,,NO
CR Community News - MO - Linn County Leader,MO,Linneus,0,,NO
CR Community News - MO - Linn County Leader,MO,Marceline,1,2026-02-21 22:51:54,yes
CR Community News - MO - Linn County Leader,MO,Meadville,0,,NO
CR Community News - MO - Linn County Leader,MO,Purdin,0,,NO
CR Community News - MO - Moberly Monitor-Index,MO,Cairo,0,,NO
CR Community News - MO - Moberly Monitor-Index,MO,Clark,0,,NO
CR Community News - MO - Moberly Monitor-Index,MO,Clifton Hill,0,,NO
CR Community News - MO - Moberly Monitor-Index,MO,Higbee,0,,NO
CR Community News - MO - Moberly Monitor-Index,MO,Huntsville,0,,NO
CR Community News - MO - Moberly Monitor-Index,MO,Jacksonville,0,,NO
CR Community News - MO - Moberly Monitor-Index,MO,Moberly,1,2026-02-21 22:52:26,yes
CR Community News - MO - Moberly Monitor-Index,MO,Renick,0,,NO
CR Community News - MO - Pike County News,MO,Annada,0,,NO
CR Community News - MO - Pike County News,MO,Ashburn,0,,NO
CR Community News - MO - Pike County News,MO,Ashley,0,,NO
CR Community News - MO - Pike County News,MO,Bowling Green,1,2026-02-21 22:43:37,yes
CR Community News - MO - Pike County News,MO,Clarksville,1,2026-02-21 22:44:59,yes
CR Community News - MO - Pike County News,MO,Curryville,0,,NO
CR Community News - MO - Pike County News,MO,Frankford,0,,NO
CR Community News - MO - Pike County News,MO,Louisiana,1,2026-02-21 22:51:36,yes
CR Community News - MO - Pike County News,MO,Paynesville,0,,NO
CR Community News - MO - Pike County News,MO,St. Clement,0,,NO
CR Community News - MO - Pike County News,MO,Tarrants,0,,NO
CR Community News - MO - Savannah Reporter,MO,Amazonia,0,,NO
CR Community News - MO - Savannah Reporter,MO,Bolckow,0,,NO
CR Community News - MO - Savannah Reporter,MO,Cosby,0,,NO
CR Community News - MO - Savannah Reporter,MO,Country Club,0,,NO
CR Community News - MO - Savannah Reporter,MO,Rea,0,,NO
CR Community News - MO - Savannah Reporter,MO,Rosendale,0,,NO
CR Community News - MO - Savannah Reporter,MO,Savannah,1,2026-02-21 22:57:49,yes
CR Community News - MO - South Missourian News,MO,Alton,0,,NO
CR Community News - MO - South Missourian News,MO,Koshkonong,0,,NO
CR Community News - MO - South Missourian News,AR,Mammoth Spring,0,,NO
CR Community News - MO - South Missourian News,MO,Thayer,1,2026-02-21 22:59:36,yes
CR Community News - MO - South Missourian News,MO,Thomasville,0,,NO
CR Community News - MO - The Elsberry Democrat,MO,Elsberry,1,2026-02-21 22:46:17,yes
CR Community News - MO - The Examiner,MO,Blue Springs,2,2026-02-21 22:43:22,yes
CR Community News - MO - The Examiner,MO,Grain Valley,0,,NO
CR Community News - MO - The Examiner,MO,Independence,5,2026-02-21 22:48:46,yes
CR Community News - MO - The Examiner,MO,Sugar Creek,2,2026-02-21 22:59:26,yes
CR Community News - MO - The Hermann Advertiser-Courier,MO,Berger,1,2026-02-21 22:43:07,yes
CR Community News - MO - The Hermann Advertiser-Courier,MO,Gasconade,0,,NO
CR Community News - MO - The Hermann Advertiser-Courier,MO,Hermann,1,2026-02-21 22:48:12,yes
CR Community News - MO - The Hermann Advertiser-Courier,MO,Rhineland,1,2026-02-21 22:55:02,yes
CR Community News - MO - The Lake Gazette,MO,Hunnewell,0,,NO
CR Community News - MO - The Lake Gazette,MO,Monroe City,2,2026-02-21 22:52:34,yes
CR Community News - MO - The Lake Gazette,MO,Rensselaer,0,,NO
CR Community News - MO - The Lake Gazette,MO,Stoutsville,0,,NO
CR Community News - MO - The Lincoln County Journal,MO,Cave,0,,NO
CR Community News - MO - The Lincoln County Journal,MO,Fountain N' Lakes,0,,NO
CR Community News - MO - The Lincoln County Journal,MO,Hawk Point,1,2026-02-21 22:48:05,yes
CR Community News - MO - The Lincoln County Journal,MO,Moscow Mills,0,,NO
CR Community News - MO - The Lincoln County Journal,MO,Troy,1,2026-02-21 22:59:44,yes
CR Community News - MO - The Marshall Democrat-News,MO,Arrow Rock,0,,NO
CR Community News - MO - The Marshall Democrat-News,MO,Blackburn,0,,NO
CR Community News - MO - The Marshall Democrat-News,MO,Emma,0,,NO
CR Community News - MO - The Marshall Democrat-News,MO,Gilliam,0,,NO
CR Community News - MO - The Marshall Democrat-News,MO,Grand Pass,0,,NO
CR Community News - MO - The Marshall Democrat-News,MO,Malta Bend,0,,NO
CR Community News - MO - The Marshall Democrat-News,MO,Marshall,1,2026-02-21 22:51:56,yes
CR Community News - MO - The Marshall Democrat-News,MO,Miami,0,,NO
CR Community News - MO - The Marshall Democrat-News,MO,Mount Leonard,0,,NO
CR Community News - MO - The Marshall Democrat-News,MO,Nelson,0,,NO
CR Community News - MO - The Marshall Democrat-News,MO,Slater,1,2026-02-21 22:58:21,yes
CR Community News - MO - The Marshall Democrat-News,MO,Sweet Springs,0,,NO
CR Community News - MO - The Vandalia Leader,MO,Curryville,0,,NO
CR Community News - MO - The Vandalia Leader,MO,Farber,0,,NO
CR Community News - MO - The Vandalia Leader,MO,Laddonia,1,2026-02-21 22:50:45,yes
CR Community News - MO - The Vandalia Leader,MO,Vandalia,1,2026-02-21 23:00:03,yes
CR Community News - MO - Troy Free Press,MO,Cave,0,,NO
CR Community News - MO - Troy Free Press,MO,Fountain N' Lakes,0,,NO
CR Community News - MO - Troy Free Press,MO,Hawk Point,1,2026-02-21 22:48:05,yes
CR Community News - MO - Troy Free Press,MO,Moscow Mills,0,,NO
CR Community News - MO - Troy Free Press,MO,Troy,1,2026-02-21 22:59:44,yes
CR Community News - NE - Nebraska City News Press,NE,Nebraska City,2,2026-02-21 23:36:01,yes
CR Community News - NE - Nebraska City News Press,NE,Union,0,,NO
CR Community News - NE - Syracuse Journal-Democrat,NE,Burr,0,,NO
CR Community News - NE - Syracuse Journal-Democrat,NE,Lorton,0,,NO
CR Community News - NE - Syracuse Journal-Democrat,NE,Otoe,0,,NO
CR Community News - NE - Syracuse Journal-Democrat,NE,Syracuse,2,2026-02-21 23:40:04,yes
CR Community News - NE - Syracuse Journal-Democrat,NE,Unadilla,0,,NO
CR Community News - NE - Syracuse Journal-Democrat,NE,Woodland Hills,0,,NO
CR Community News - NM CO - The Chronicle-News,NM,Angel Fire,1,2026-02-22 05:02:43,yes
CR Community News - NM CO - The Chronicle-News,CO,Branson,0,,NO
CR Community News - NM CO - The Chronicle-News,NM,Cimarron,1,2026-02-22 05:04:10,yes
CR Community News - NM CO - The Chronicle-News,NM,Des Moines,1,2026-02-22 05:04:47,yes
CR Community News - NM CO - The Chronicle-News,NM,Folsom,1,2026-02-22 05:06:46,yes
CR Community News - NM CO - The Chronicle-News,CO,Hoehne,0,,NO
CR Community News - NM CO - The Chronicle-News,NM,Maxwell,0,,NO
CR Community News - NM CO - The Chronicle-News,NM,Ranchos de Taos,1,2026-02-22 05:10:37,yes
CR Community News - NM CO - The Chronicle-News,NM,Raton,1,2026-02-22 05:10:38,yes
CR Community News - NM CO - The Chronicle-News,NM,Springer,1,2026-02-22 05:12:31,yes
CR Community News - NM CO - The Chronicle-News,NM,Taos,1,2026-02-22 05:12:38,yes
CR Community News - NM CO - The Chronicle-News,CO,Trinidad,2,2026-02-21 13:20:17,yes
CR Community News - NM CO - The Chronicle-News,CO,Valdez,0,,NO
CR Community News - NM CO - The Chronicle-News,CO,Weston,0,,NO
CR Community News - NY - The Chronicle-Express,NY,Barrington,0,,NO
CR Community News - NY - The Chronicle-Express,NY,Dresden,0,,NO
CR Community News - NY - The Chronicle-Express,NY,Dundee,0,,NO
CR Community News - NY - The Chronicle-Express,NY,Keuka Park,0,,NO
CR Community News - NY - The Chronicle-Express,NY,Penn Yan,1,2026-02-22 07:42:54,yes
CR Community News - NY - The Chronicle-Express,NY,Potter,0,,NO
CR Community News - NY - The Chronicle-Express,NY,Rushville,0,,NO
CR Community News - OH - Hilliard,OH,Hilliard,1,2026-02-21 08:49:58,yes
CR Community News - OH - Lockbourne,OH,Lockbourne,0,,NO
CR Community News - OH - Monroe County Beacon,OH,Beallsville,0,,NO
CR Community News - OH - Monroe County Beacon,OH,Clarington,0,,NO
CR Community News - OH - Monroe County Beacon,OH,Graysville,0,,NO
CR Community News - OH - Monroe County Beacon,OH,Lewisville,0,,NO
CR Community News - OH - Monroe County Beacon,OH,Miltonsburg,0,,NO
CR Community News - OH - Monroe County Beacon,OH,Stafford,0,,NO
CR Community News - OH - Monroe County Beacon,OH,Wilson,0,,NO
CR Community News - OH - Monroe County Beacon,OH,Woodsfield,2,2026-02-21 09:04:17,yes
CR Community News - OH - Paulding Progress,OH,Antwerp,1,2026-02-21 08:35:17,yes
CR Community News - OH - Paulding Progress,OH,Broughton,0,,NO
CR Community News - OH - Paulding Progress,OH,Cecil,0,,NO
CR Community News - OH - Paulding Progress,OH,Grover Hill,0,,NO
CR Community News - OH - Paulding Progress,OH,Latty,0,,NO
CR Community News - OH - Paulding Progress,OH,Melrose,0,,NO
CR Community News - OH - Paulding Progress,OH,Oakwood,0,,NO
CR Community News - OH - Paulding Progress,OH,Paulding,1,2026-02-21 08:57:27,yes
CR Community News - OH - Paulding Progress,OH,Payne,1,2026-02-21 08:57:29,yes
CR Community News - OH - Putnam County Sentinel,OH,Belmore,0,,NO
CR Community News - OH - Putnam County Sentinel,OH,Cloverdale,1,2026-02-21 08:42:37,yes
CR Community News - OH - Putnam County Sentinel,OH,Columbus Grove,1,2026-02-21 08:43:58,yes
CR Community News - OH - Putnam County Sentinel,OH,Continental,2,2026-02-21 08:44:10,yes
CR Community News - OH - Putnam County Sentinel,OH,Dupont,0,,NO
CR Community News - OH - Putnam County Sentinel,OH,Fort Jennings,1,2026-02-21 08:47:34,yes
CR Community News - OH - Putnam County Sentinel,OH,Gilboa,0,,NO
CR Community News - OH - Putnam County Sentinel,OH,Glandorf,1,2026-02-21 08:49:03,yes
CR Community News - OH - Putnam County Sentinel,OH,Kalida,1,2026-02-21 08:50:49,yes
CR Community News - OH - Putnam County Sentinel,OH,Leipsic,1,2026-02-21 08:51:29,yes
CR Community News - OH - Putnam County Sentinel,OH,Miller City,1,2026-02-21 08:54:08,yes
CR Community News - OH - Putnam County Sentinel,OH,Ottawa,2,2026-02-21 08:56:47,yes
CR Community News - OH - Putnam County Sentinel,OH,Ottoville,1,2026-02-21 08:56:48,yes
CR Community News - OH - Putnam County Sentinel,OH,Pandora,0,,NO
CR Community News - OH - Putnam County Sentinel,OH,West Leipsic,0,,NO
CR Community News - OH - Southeast Messenger,OH,Commercial Point,0,,NO
CR Community News - OH - Southeast Messenger,OH,Grove City,1,2026-02-21 08:49:25,yes
CR Community News - OH - Southeast Messenger,OH,Hilltop,0,,NO
CR Community News - OH - Southeast Messenger,OH,Lincoln Village,0,,NO
CR Community News - OH - Southeast Messenger,OH,Urbancrest,0,,NO
CR Community News - OH - Southwest Messenger,OH,Canal Winchester,1,2026-02-21 08:38:10,yes
CR Community News - OH - Southwest Messenger,OH,Groveport,1,2026-02-21 08:49:27,yes
CR Community News - OH - Southwest Messenger,OH,Obetz,0,,NO
CR Community News - OH - The Delphos Herald,OH,Delphos,2,2026-02-21 08:45:53,yes
CR Community News - OH - The Delphos Herald,OH,Fort Jennings,1,2026-02-21 08:47:34,yes
CR Community News - OH - The Delphos Herald,OH,Gomer,0,,NO
CR Community News - OH - The Delphos Herald,OH,Middle Point,0,,NO
CR Community News - OH - The Delphos Herald,OH,Ottoville,1,2026-02-21 08:56:48,yes
CR Community News - OH - The Delphos Herald,OH,Vaughnsville,0,,NO
CR Community News - OH - Times Bulletin Media,OH,Convoy,0,,NO
CR Community News - OH - Times Bulletin Media,OH,Delphos,2,2026-02-21 08:45:53,yes
CR Community News - OH - Times Bulletin Media,OH,Elgin,0,,NO
CR Community News - OH - Times Bulletin Media,OH,Middle Point,0,,NO
CR Community News - OH - Times Bulletin Media,OH,Scott,0,,NO
CR Community News - OH - Times Bulletin Media,OH,Van Wert,1,2026-02-21 09:02:15,yes
CR Community News - OH - Times Bulletin Media,OH,Venedocia,0,,NO
CR Community News - OH - Times Bulletin Media,OH,Willshire,0,,NO
CR Community News - OH - Times Bulletin Media,OH,Wren,0,,NO
CR Community News - OK - The Ardmoreite,OK,Ardmore,1,2026-02-22 00:00:52,yes
CR Community News - OK - The Ardmoreite,OK,Davis,0,,NO
CR Community News - OK - The Ardmoreite,OK,Dickson,0,,NO
CR Community News - OK - The Ardmoreite,OK,Dougherty,0,,NO
CR Community News - OK - The Ardmoreite,OK,Fox,0,,NO
CR Community News - OK - The Ardmoreite,OK,Gene Autry,0,,NO
CR Community News - OK - The Ardmoreite,OK,Healdton,0,,NO
CR Community News - OK - The Ardmoreite,OK,Lone Grove,0,,NO
CR Community News - OK - The Ardmoreite,OK,Ratliff City,0,,NO
CR Community News - OK - The Ardmoreite,OK,Springer,0,,NO
CR Community News - OK - The Ardmoreite,OK,Sulphur,1,2026-02-22 00:06:13,yes
CR Community News - OK - The Ardmoreite,OK,Tatums,0,,NO
CR Community News - OK - The Shawnee News-Star,OK,Agra,0,,NO
CR Community News - OK - The Shawnee News-Star,OK,Bethel Acres,0,,NO
CR Community News - OK - The Shawnee News-Star,OK,Bowlegs,0,,NO
CR Community News - OK - The Shawnee News-Star,OK,Carney,0,,NO
CR Community News - OK - The Shawnee News-Star,OK,Chandler,1,2026-02-22 00:01:34,yes
CR Community News - OK - The Shawnee News-Star,OK,Cromwell,0,,NO
CR Community News - OK - The Shawnee News-Star,OK,Dale,0,,NO
CR Community News - OK - The Shawnee News-Star,OK,Davenport,0,,NO
CR Community News - OK - The Shawnee News-Star,OK,Fallis,0,,NO
CR Community News - OK - The Shawnee News-Star,OK,Johnson,0,,NO
CR Community News - OK - The Shawnee News-Star,OK,Kendrick,0,,NO
CR Community News - OK - The Shawnee News-Star,OK,Konawa,1,2026-02-22 00:03:32,yes
CR Community News - OK - The Shawnee News-Star,OH,Lima,4,2026-02-21 08:51:42,yes
CR Community News - OK - The Shawnee News-Star,OK,Maud,0,,NO
CR Community News - OK - The Shawnee News-Star,OK,McLoud,1,2026-02-22 00:04:01,yes
CR Community News - OK - The Shawnee News-Star,OK,Meeker,2,2026-02-22 00:04:07,yes
CR Community News - OK - The Shawnee News-Star,OK,Prague,1,2026-02-22 00:05:32,yes
CR Community News - OK - The Shawnee News-Star,OK,Shawnee,2,2026-02-22 00:05:57,yes
CR Community News - OK - The Shawnee News-Star,OK,Sparks,0,,NO
CR Community News - OK - The Shawnee News-Star,OK,Stroud,1,2026-02-22 00:06:12,yes
CR Community News - OK - The Shawnee News-Star,OK,Tecumseh,0,,NO
CR Community News - OK - The Shawnee News-Star,OK,Warwick,0,,NO
CR Community News - OK - The Shawnee News-Star,OK,Wellston,0,,NO
CR Community News - OK - The Shawnee News-Star,OK,Wewoka,1,2026-02-22 00:07:20,yes
CR Community News - TX - Alice Echo News-Journal,TX,Alfred,0,,NO
CR Community News - TX - Alice Echo News-Journal,TX,Alice,5,2026-02-21 10:16:24,yes
CR Community News - TX - Alice Echo News-Journal,TX,Alice Acres,0,,NO
CR Community News - TX - Alice Echo News-Journal,TX,Amargosa,0,,NO
CR Community News - TX - Alice Echo News-Journal,TX,Ben Bolt,2,2026-02-21 10:19:16,yes
CR Community News - TX - Alice Echo News-Journal,TX,Coyote Acres,0,,NO
CR Community News - TX - Alice Echo News-Journal,TX,K-Bar Ranch,0,,NO
CR Community News - TX - Alice Echo News-Journal,TX,Loma Linda East,0,,NO
CR Community News - TX - Alice Echo News-Journal,TX,Orange Grove,1,2026-02-21 10:42:48,yes
CR Community News - TX - Alice Echo News-Journal,TX,Owl Ranch,0,,NO
CR Community News - TX - Alice Echo News-Journal,TX,Premont,1,2026-02-21 10:44:33,yes
CR Community News - TX - Alice Echo News-Journal,TX,Rancho Alegre,0,,NO
CR Community News - TX - Alice Echo News-Journal,TX,Sandia,2,2026-02-21 10:50:09,yes
CR Community News - TX - Alice Echo News-Journal,TX,San Diego,1,2026-02-21 10:49:42,yes
CR Community News - TX - Alice Echo News-Journal,TX,South La Paloma,0,,NO
CR Community News - TX - Alice Echo News-Journal,TX,Westdale,0,,NO
CR Community News - TX - Brownwood Bulletin,TX,Bangs,0,,NO
CR Community News - TX - Brownwood Bulletin,TX,Blanket,0,,NO
CR Community News - TX - Brownwood Bulletin,TX,Brownwood,1,2026-02-21 10:20:33,yes
CR Community News - TX - Brownwood Bulletin,TX,Early,0,,NO
CR Community News - TX - Brownwood Bulletin,TX,Lake Brownwood,0,,NO
CR Community News - TX - Brownwood Bulletin,TX,May,0,,NO
CR Community News - TX - Brownwood Bulletin,TX,Thunderbird Bay,0,,NO
CR Community News - TX - Brownwood Bulletin,TX,Zephyr,0,,NO
CR Community News - TX - Glen Rose Reporter,TX,Glen Rose,1,2026-02-21 10:30:13,yes
CR Community News - TX - Palo Pinto Press,TX,Gordon,0,,NO
CR Community News - TX - Palo Pinto Press,TX,Graford,1,2026-02-21 10:30:25,yes
CR Community News - TX - Palo Pinto Press,TX,Mineral Wells,1,2026-02-21 10:40:45,yes
CR Community News - TX - Palo Pinto Press,TX,Mingus,0,,NO
CR Community News - TX - Palo Pinto Press,TX,Palo Pinto,0,,NO
CR Community News - TX - Palo Pinto Press,TX,Santo,0,,NO
CR Community News - TX - Palo Pinto Press,TX,Strawn,1,2026-02-21 10:52:18,yes
CR Community News - TX - Runnels County Register,TX,Ballinger,1,2026-02-21 10:18:22,yes
CR Community News - TX - Runnels County Register,TX,Miles,1,2026-02-21 10:40:39,yes
CR Community News - TX - Runnels County Register,TX,Rowena,2,2026-02-21 10:46:14,yes
CR Community News - TX - Runnels County Register,TX,Wingate,0,,NO
CR Community News - TX - Runnels County Register,TX,Winters,1,2026-02-21 10:55:39,yes
CR Community News - TX - Sherman Herald-Democrat,TX,Knollwood,0,,NO
CR Community News - TX - Sherman Herald-Democrat,TX,Sherman,2,2026-02-21 10:50:52,yes
CR Community News - TX - Sherman Herald-Democrat,TX,Southmayd,0,,NO
CR Community News - TX - Stephenville Empire-Tribune,TX,Bluff Dale,0,,NO
CR Community News - TX - Stephenville Empire-Tribune,TX,Dublin,2,2026-02-21 10:25:45,yes
CR Community News - TX - Stephenville Empire-Tribune,TX,Huckabay,0,,NO
CR Community News - TX - Stephenville Empire-Tribune,TX,Lingleville,0,,NO
CR Community News - TX - Stephenville Empire-Tribune,TX,Stephenville,1,2026-02-21 10:52:04,yes
CR Community News - TX - Waxahachie Daily Light,TX,Midlothian,0,,NO
CR Community News - TX - Waxahachie Daily Light,TX,Oak Leaf,0,,NO
CR Community News - TX - Waxahachie Daily Light,TX,Ovilla,0,,NO
CR Community News - UT - The Richfield Reaper,UT,Annabella,0,,NO
CR Community News - UT - The Richfield Reaper,UT,Aurora,0,,NO
CR Community News - UT - The Richfield Reaper,UT,Central Valley,2,2026-02-22 02:26:41,yes
CR Community News - UT - The Richfield Reaper,UT,Elsinore,0,,NO
CR Community News - UT - The Richfield Reaper,UT,Glenwood,0,,NO
CR Community News - UT - The Richfield Reaper,UT,Joseph,0,,NO
CR Community News - UT - The Richfield Reaper,UT,Koosharem,0,,NO
CR Community News - UT - The Richfield Reaper,UT,Monroe,0,,NO
CR Community News - UT - The Richfield Reaper,UT,Redmond,0,,NO
CR Community News - UT - The Richfield Reaper,UT,Richfield,0,,NO
CR Community News - UT - The Richfield Reaper,UT,Salina,0,,NO
CR Community News - UT - The Richfield Reaper,UT,Sigurd,0,,NO
CR Community News - UT - Uintah Basin Standard,UT,Ballard,0,,NO
CR Community News - UT - Uintah Basin Standard,UT,Duchesne,0,,NO
CR Community News - UT - Uintah Basin Standard,UT,Myton,0,,NO
CR Community News - UT - Uintah Basin Standard,UT,Roosevelt,1,2026-02-22 02:27:54,yes
CR Community News - UT - Vernal Express,UT,Maeser,0,,NO
CR Community News - UT - Vernal Express,UT,Naples,0,,NO
CR Community News - UT - Vernal Express,UT,Vernal,1,2026-02-22 02:28:25,yes
