slug,name,street,city,state_region,latitude,longitude,phone,website,mass_count,confession_count,adoration_count,has_perpetual_adoration,serving_communities,source_url,last_scraped
us-oh-bremen-church-of-st-mary-6b959e13,St. Mary,602 Marietta St,Bremen,Ohio,39.7023125,-82.4335625,17405697929,http://www.colsdioc.org/Parishes/ParishFinder/StMaryBremen.aspx,0,0,0,False,Canal Winchester,https://catholicindex.org/mass-times/canal-winchester-ohio,2026-02-20T20:09:48.974676+00:00
us-oh-buckeye-lake-our-lady-of-mount-carmel-616610f9,Our Lady of Mount Carmel,5133 Walnut Rd SE,Buckeye Lake,Ohio,39.93050111,-82.48284223,(740) 928-3266,http://www.olmcbuckeyelake.org/,12,0,0,False,Canal Winchester; Groveport,https://catholicindex.org/mass-times/canal-winchester-ohio,2026-02-20T20:09:48.974676+00:00
us-oh-canal-winchester-immaculate-heart-7a84d6db,St. John XXIII,5170 Winchester Southern Rd NW,Canal Winchester,Ohio,39.81228015,-82.82036975,(614) 920-1563,http://ihbvm.org/,11,0,0,False,Canal Winchester; Groveport; Hilliard; Grove City; Obetz; Hamilton Township; Lithopolis; Lockbourne; Madison Township; West Columbus; Lincoln Village; Prairie Township; Westgate; Galloway; Urbancrest; Commercial Point,https://catholicindex.org/mass-times/canal-winchester-ohio,2026-02-20T20:09:48.974676+00:00
us-oh-circleville-saint-joseph-4ab2c554,St. Joseph,134 W Mound St,Circleville,Ohio,39.60054,-82.9473953,(740) 477-2549,http://www.saintjosephcircleville.com/,3,0,0,False,Canal Winchester; Groveport; Grove City,https://catholicindex.org/mass-times/canal-winchester-ohio,2026-02-20T20:09:48.974676+00:00
us-oh-columbus-christ-the-king-chapel-ohio-dominican-university-c3eb2870,Christ The King Chapel--Ohio Dominican University,1216 Sunbury Rd (Sansbury Hall),Columbus,Ohio,39.99442944,-82.94085848,(614) 251-4567,http://www.ohiodominican.edu/student-life/spiritual-life/worship-schedule.html,1,0,0,False,Canal Winchester; Groveport; Hilliard; Grove City; Obetz; Hamilton Township; Lithopolis; Lockbourne; Madison Township; West Columbus; Lincoln Village; Prairie Township; Westgate; Galloway; Urbancrest; Commercial Point,https://catholicindex.org/mass-times/canal-winchester-ohio,2026-02-20T20:09:48.974676+00:00
us-oh-columbus-christ-the-king-e5551e51,Christ the King,2777 E Livingston Ave,Columbus,Ohio,39.94685885,-82.92258001,(614) 237-0401,http://christthekingcolumbus.com/,13,0,0,False,Canal Winchester; Groveport; Hilliard; Grove City; Obetz; Hamilton Township; Lithopolis; Lockbourne; Madison Township; West Columbus; Lincoln Village; Prairie Township; Westgate; Galloway; Urbancrest; Commercial Point,https://catholicindex.org/mass-times/canal-winchester-ohio,2026-02-20T20:09:48.974676+00:00
us-oh-columbus-community-of-the-holy-rosary-and-st-john-c48247ba,Community of the Holy Rosary and St. John,648 S Ave,Columbus,Ohio,39.9516875,-82.9713125,16142525926,https://hrsjchurch.wordpress.com/,0,0,0,False,Canal Winchester; Groveport; Hilliard; Grove City; Obetz; Hamilton Township; Lithopolis; Lockbourne; Madison Township; West Columbus; Lincoln Village; Prairie Township; Westgate; Galloway; Urbancrest; Commercial Point,https://catholicindex.org/mass-times/canal-winchester-ohio,2026-02-20T20:09:48.974676+00:00
us-oh-columbus-church-of-corpus-christi-30c3847e,Corpus Christi,1111 E Stewart Ave,Columbus,Ohio,39.9404375,-82.9663125,16144432828,http://www.southcolscatholic.org,0,0,0,False,Canal Winchester; Groveport; Hilliard; Grove City; Obetz; Hamilton Township; Lithopolis; Lockbourne; Madison Township; West Columbus; Lincoln Village; Prairie Township; Westgate; Galloway; Urbancrest; Commercial Point,https://catholicindex.org/mass-times/canal-winchester-ohio,2026-02-20T20:09:48.974676+00:00
us-oh-columbus-holy-cross-d7421322,Holy Cross,204 S Fifth St,Columbus,Ohio,39.95861554,-82.99332422,(614)224-1295,http://sjchcc.org,2,0,0,False,Canal Winchester; Groveport; Hilliard; Grove City; Obetz; Hamilton Township; Lithopolis; Lockbourne; Madison Township; West Columbus; Lincoln Village; Prairie Township; Westgate; Galloway; Urbancrest; Commercial Point,https://catholicindex.org/mass-times/canal-winchester-ohio,2026-02-20T20:09:48.974676+00:00
us-oh-columbus-holy-family-9acc7962,Holy Family,584 W Broad St,Columbus,Ohio,39.9606323,-83.01658,(614) 221-4323,http://www.holyfamilycolumbus.org/,11,0,0,False,Canal Winchester; Groveport; Hilliard; Grove City; Obetz; Hamilton Township; Lithopolis; Lockbourne; Madison Township; West Columbus; Lincoln Village; Prairie Township; Westgate; Galloway; Urbancrest; Commercial Point,https://catholicindex.org/mass-times/canal-winchester-ohio,2026-02-20T20:09:48.974676+00:00
us-oh-columbus-holy-resurrection-melkite-b33cf626,Holy Resurrection (Melkite) ,4611 Glenmawr Ave,Columbus,Ohio,40.059638,-82.997285,(614) 654-1064,http://melkitecolumbus.org/,2,0,0,False,Canal Winchester; Groveport; Hilliard; Grove City; Obetz; Hamilton Township; Lithopolis; Lockbourne; Madison Township; West Columbus; Lincoln Village; Prairie Township; Westgate; Galloway; Urbancrest; Commercial Point,https://catholicindex.org/mass-times/canal-winchester-ohio,2026-02-20T20:09:48.974676+00:00
us-oh-columbus-immaculate-conception-4380aabe,Immaculate Conception Church,414 E N Broadway,Columbus,Ohio,40.03189991,-83.00461007,(614) 267-9241,http://www.iccols.org/,8,0,0,False,Canal Winchester; Groveport; Hilliard; Grove City; Obetz; Hamilton Township; Lithopolis; Lockbourne; Madison Township; West Columbus; Lincoln Village; Prairie Township; Westgate; Galloway; Urbancrest; Commercial Point,https://catholicindex.org/mass-times/canal-winchester-ohio,2026-02-20T20:09:48.974676+00:00
us-oh-columbus-museum-of-catholic-art-and-history-79653d5d,Museum of Catholic Art and History,57 S Grubb St,Columbus,Ohio,39.9628125,-82.9936875,16146000054,$undefined,0,0,0,False,Canal Winchester; Groveport; Hilliard; Grove City; Obetz; Hamilton Township; Lithopolis; Lockbourne; Madison Township; West Columbus; Lincoln Village; Prairie Township; Westgate; Galloway; Urbancrest; Commercial Point,https://catholicindex.org/mass-times/canal-winchester-ohio,2026-02-20T20:09:48.974676+00:00
us-oh-columbus-st-leo-oratory-a361d18f,Oratory of St. Leo,221 Hanford St,Columbus,Ohio,39.93644334,-82.98903823,614-443-7685,http://institute-christ-king.org/columbus-home,11,0,0,False,Canal Winchester; Groveport; Hilliard; Grove City; Obetz; Hamilton Township; Lithopolis; Lockbourne; Madison Township; West Columbus; Lincoln Village; Prairie Township; Westgate; Galloway; Urbancrest; Commercial Point,https://catholicindex.org/mass-times/canal-winchester-ohio,2026-02-20T20:09:48.974676+00:00
us-oh-columbus-our-lady-of-guadalupe-star-of-the-new-evangelization-parish-508bc23a,"Our Lady of Guadalupe, Star of the New Evangelization",154 E Patterson Ave,Columbus,Ohio,40.01005858,-83.00610858,(614) 262-0390,http://olgstar.org/,12,0,0,False,Canal Winchester; Groveport; Hilliard; Grove City; Obetz; Hamilton Township; Lithopolis; Lockbourne; Madison Township; West Columbus; Lincoln Village; Prairie Township; Westgate; Galloway; Urbancrest; Commercial Point,https://catholicindex.org/mass-times/canal-winchester-ohio,2026-02-20T20:09:48.974676+00:00
us-oh-columbus-our-lady-of-peace-d9c1f88e,Our Lady of Peace,20 E Dominion Blvd,Columbus,Ohio,40.05402429,-83.0195361,(614) 263-8824,http://www.olp-parish.org/,7,0,0,False,Canal Winchester; Groveport; Hilliard; Grove City; Obetz; Hamilton Township; Lithopolis; Lockbourne; Madison Township; West Columbus; Lincoln Village; Prairie Township; Westgate; Galloway; Urbancrest; Commercial Point,https://catholicindex.org/mass-times/canal-winchester-ohio,2026-02-20T20:09:48.974676+00:00
us-oh-columbus-our-lady-of-victory-16ae774d,Our Lady of Victory,1559 Roxbury Rd,Columbus,Ohio,39.9870148,-83.06172,(614) 488-2428,https://ourladyofvictory.cc,12,0,0,False,Canal Winchester; Groveport; Hilliard; Grove City; Obetz; Hamilton Township; Lithopolis; Lockbourne; Madison Township; West Columbus; Lincoln Village; Prairie Township; Westgate; Galloway; Urbancrest; Commercial Point,https://catholicindex.org/mass-times/canal-winchester-ohio,2026-02-20T20:09:48.974676+00:00
us-oh-columbus-our-lady-of-the-miraculous-medal-e2705436,Our Lady of the Miraculous Medal,5225 Refugee Rd,Columbus,Ohio,39.9204435,-82.85043903,(614) 861-1242,http://www.churchofourladycolumbus.org/,1,0,0,False,Canal Winchester; Groveport; Hilliard; Grove City; Obetz; Hamilton Township; Lithopolis; Lockbourne; Madison Township; West Columbus; Lincoln Village; Prairie Township; Westgate; Galloway; Urbancrest; Commercial Point,https://catholicindex.org/mass-times/canal-winchester-ohio,2026-02-20T20:09:48.974676+00:00
us-oh-columbus-pontifical-college-josephinum-8336366f,Pontifical College Josephinum,7625 N High St,Columbus,Ohio,40.1200625,-83.0184375,16148855585,https://www.pcj.edu/,0,0,0,False,Canal Winchester; Groveport; Hilliard; Grove City; Obetz; Hamilton Township; Lithopolis; Lockbourne; Madison Township; West Columbus; Lincoln Village; Prairie Township; Westgate; Galloway; Urbancrest; Commercial Point,https://catholicindex.org/mass-times/canal-winchester-ohio,2026-02-20T20:09:48.974676+00:00
us-oh-columbus-sacred-heart-church-f7faa08d,Sacred Heart Church,893 Hamlet St,Columbus,Ohio,39.98092297,-82.99984446,(614) 294-5319,http://www.sacredheartchurchcolumbus.org/,12,0,0,False,Canal Winchester; Groveport; Hilliard; Grove City; Obetz; Hamilton Township; Lithopolis; Lockbourne; Madison Township; West Columbus; Lincoln Village; Prairie Township; Westgate; Galloway; Urbancrest; Commercial Point,https://catholicindex.org/mass-times/canal-winchester-ohio,2026-02-20T20:09:48.974676+00:00
us-oh-columbus-st-agnes-527e1a71,St. Agnes,2364 W Mound St,Columbus,Ohio,39.93935717,-83.06070285,(614) 276-5413,http://columbuscatholic.org/st-agnes,10,0,0,False,Canal Winchester; Groveport; Hilliard; Grove City; Obetz; Hamilton Township; Lithopolis; Lockbourne; Madison Township; West Columbus; Lincoln Village; Prairie Township; Westgate; Galloway; Urbancrest; Commercial Point,https://catholicindex.org/mass-times/canal-winchester-ohio,2026-02-20T20:09:48.974676+00:00
us-oh-columbus-saint-aloysius-ca20c757,St. Aloysius,2165 W Broad St,Columbus,Ohio,39.95542476,-83.05823,(614) 276-6587,http://saintals.life/,3,0,0,False,Canal Winchester; Groveport; Hilliard; Grove City; Obetz; Hamilton Township; Lithopolis; Lockbourne; Madison Township; West Columbus; Lincoln Village; Prairie Township; Westgate; Galloway; Urbancrest; Commercial Point,https://catholicindex.org/mass-times/canal-winchester-ohio,2026-02-20T20:09:48.974676+00:00
us-oh-columbus-st-andrew-catholic-church-parish-office-8657340b,St. Andrew Catholic Church Parish Office,1899 McCoy Rd,Columbus,OH,40.0404121,-83.0680598,+1-614-451-4290,https://www.standrewparish.cc/,19,0,0,False,Canal Winchester; Groveport; Hilliard; Grove City; Obetz; Hamilton Township; Lithopolis; Lockbourne; Madison Township; West Columbus; Lincoln Village; Prairie Township; Westgate; Galloway; Urbancrest; Commercial Point,https://catholicindex.org/mass-times/canal-winchester-ohio,2026-02-20T20:09:48.974676+00:00
us-oh-columbus-saint-andrew-roman-catholic-church-9a991d45,St. Andrew Catholic Church Parish Office,1899 McCoy Rd,Columbus,Ohio,40.04043754,-83.06819534,(614) 451-4290,https://www.standrewparish.cc,35,0,0,False,Canal Winchester; Groveport; Hilliard; Grove City; Obetz; Hamilton Township; Lithopolis; Lockbourne; Madison Township; West Columbus; Lincoln Village; Prairie Township; Westgate; Galloway; Urbancrest; Commercial Point,https://catholicindex.org/mass-times/canal-winchester-ohio,2026-02-20T20:09:48.974676+00:00
us-oh-columbus-church-of-st-anthony-3b22b061,St. Anthony,1300 Urban Dr,Columbus,Ohio,40.0676875,-82.9835625,16148854857,http://www.stanthonyparishcolumbus.org,0,0,0,False,Canal Winchester; Groveport; Hilliard; Grove City; Obetz; Hamilton Township; Lithopolis; Lockbourne; Madison Township; West Columbus; Lincoln Village; Prairie Township; Westgate; Galloway; Urbancrest; Commercial Point,https://catholicindex.org/mass-times/canal-winchester-ohio,2026-02-20T20:09:48.974676+00:00
us-oh-columbus-st-catharine-of-siena-4b493a4f,St. Catharine,500 S Gould Rd,Columbus,Ohio,39.96075868,-82.92349035,(614) 231-4509,https://www.stcatharine.com/,11,0,0,False,Canal Winchester; Groveport; Hilliard; Grove City; Obetz; Hamilton Township; Lithopolis; Lockbourne; Madison Township; West Columbus; Lincoln Village; Prairie Township; Westgate; Galloway; Urbancrest; Commercial Point,https://catholicindex.org/mass-times/canal-winchester-ohio,2026-02-20T20:09:48.974676+00:00
us-oh-columbus-saint-cecilia-3e50952b,St. Cecilia,434 Norton Rd,Columbus,Ohio,39.94233321,-83.14154768,(614) 878-5353,https://www.saintceciliachurch.org/,9,0,0,False,Canal Winchester; Groveport; Hilliard; Grove City; Obetz; Hamilton Township; Lithopolis; Lockbourne; Madison Township; West Columbus; Lincoln Village; Prairie Township; Westgate; Galloway; Urbancrest; Commercial Point,https://catholicindex.org/mass-times/canal-winchester-ohio,2026-02-20T20:09:48.974676+00:00
us-oh-columbus-saint-christopher-fa038fd1,St. Christopher,1420 Grandview Ave,Columbus,Ohio,39.98690834,-83.04402758,614-754-8888,http://saintchristophercc.com/,9,0,0,False,Canal Winchester; Groveport; Hilliard; Grove City; Obetz; Hamilton Township; Lithopolis; Lockbourne; Madison Township; West Columbus; Lincoln Village; Prairie Township; Westgate; Galloway; Urbancrest; Commercial Point,https://catholicindex.org/mass-times/canal-winchester-ohio,2026-02-20T20:09:48.974676+00:00
us-oh-columbus-st-dominic-catholic-church-8a6c4e13,St. Dominic,451 N 20th St,Columbus,Ohio,39.97479377,-82.97348227,(614) 252-5926,https://www.stdominic-church.org,3,0,0,False,Canal Winchester; Groveport; Hilliard; Grove City; Obetz; Hamilton Township; Lithopolis; Lockbourne; Madison Township; West Columbus; Lincoln Village; Prairie Township; Westgate; Galloway; Urbancrest; Commercial Point,https://catholicindex.org/mass-times/canal-winchester-ohio,2026-02-20T20:09:48.974676+00:00
us-oh-columbus-saint-francis-of-assisi-e905cd6e,St. Francis of Assisi,386 Buttles Ave,Columbus,Ohio,39.97790885,-83.0142864,(614) 299-5781,http://sfacolumbus.org/,8,0,0,False,Canal Winchester; Groveport; Hilliard; Grove City; Obetz; Hamilton Township; Lithopolis; Lockbourne; Madison Township; West Columbus; Lincoln Village; Prairie Township; Westgate; Galloway; Urbancrest; Commercial Point,https://catholicindex.org/mass-times/canal-winchester-ohio,2026-02-20T20:09:48.974676+00:00
us-oh-columbus-st-james-the-less-1c5ee569,St. James the Less,1652 Oakland Park Ave,Columbus,Ohio,40.03193614,-82.96947136,(614) 262-1179,https://stjames-cpps.org,14,0,0,False,Canal Winchester; Groveport; Hilliard; Grove City; Obetz; Hamilton Township; Lithopolis; Lockbourne; Madison Township; West Columbus; Lincoln Village; Prairie Township; Westgate; Galloway; Urbancrest; Commercial Point,https://catholicindex.org/mass-times/canal-winchester-ohio,2026-02-20T20:09:48.974676+00:00
us-oh-columbus-saint-john-chrysostom-ruthenian-8bc80350,St. John Chrysostom (Ruthenian),5858 Cleveland Ave,Columbus,Ohio,40.09090477,-82.9506196,(614) 882-7578,https://byzantinecolumbus.com/,13,0,0,False,Canal Winchester; Groveport; Hilliard; Grove City; Obetz; Hamilton Township; Lithopolis; Lockbourne; Madison Township; West Columbus; Lincoln Village; Prairie Township; Westgate; Galloway; Urbancrest; Commercial Point,https://catholicindex.org/mass-times/canal-winchester-ohio,2026-02-20T20:09:48.974676+00:00
us-oh-columbus-saint-john-the-baptist-00e8efb2,St. John the Baptist,720 Hamlet St,Columbus,Ohio,39.97747339,-82.99904968,(614) 294-5319,https://www.sjbitalianachurch.com,9,0,0,False,Canal Winchester; Groveport; Hilliard; Grove City; Obetz; Hamilton Township; Lithopolis; Lockbourne; Madison Township; West Columbus; Lincoln Village; Prairie Township; Westgate; Galloway; Urbancrest; Commercial Point,https://catholicindex.org/mass-times/canal-winchester-ohio,2026-02-20T20:09:48.974676+00:00
us-oh-columbus-saint-joseph-cathedral-5ab6bb17,St. Joseph Cathedral,212 E Broad St,Columbus,Ohio,39.96324492,-82.99466251,(614) 224-1295,https://sjchcc.org/,8,0,0,False,Canal Winchester; Groveport; Hilliard; Grove City; Obetz; Hamilton Township; Lithopolis; Lockbourne; Madison Township; West Columbus; Lincoln Village; Prairie Township; Westgate; Galloway; Urbancrest; Commercial Point,https://catholicindex.org/mass-times/canal-winchester-ohio,2026-02-20T20:09:48.974676+00:00
us-oh-columbus-st-josephine-bakhita-parish-db5b0b75,St. Josephine Bakhita Parish,6077 Sharon Woods Blvd,Columbus,Ohio,40.0919,-82.9725342,(614) 891-0150,http://www.bakhitacolumbus.org/,13,0,0,False,Canal Winchester; Groveport; Hilliard; Grove City; Obetz; Hamilton Township; Lithopolis; Lockbourne; Madison Township; West Columbus; Lincoln Village; Prairie Township; Westgate; Galloway; Urbancrest; Commercial Point,https://catholicindex.org/mass-times/canal-winchester-ohio,2026-02-20T20:09:48.974676+00:00
us-oh-columbus-church-of-st-ladislas-fa52bd1e,St. Ladislas,277 Reeb Ave,Columbus,Ohio,39.9248125,-82.9880625,16144432828,$undefined,0,0,0,False,Canal Winchester; Groveport; Hilliard; Grove City; Obetz; Hamilton Township; Lithopolis; Lockbourne; Madison Township; West Columbus; Lincoln Village; Prairie Township; Westgate; Galloway; Urbancrest; Commercial Point,https://catholicindex.org/mass-times/canal-winchester-ohio,2026-02-20T20:09:48.974676+00:00
us-oh-columbus-saint-margaret-of-cortona-82376170,St. Margaret of Cortona,1600 N Hague Ave,Columbus,Ohio,39.987461,-83.088295,(614) 279-1690,http://www.stmargaretcolumbus.org/,7,0,0,False,Canal Winchester; Groveport; Hilliard; Grove City; Obetz; Hamilton Township; Lithopolis; Lockbourne; Madison Township; West Columbus; Lincoln Village; Prairie Township; Westgate; Galloway; Urbancrest; Commercial Point,https://catholicindex.org/mass-times/canal-winchester-ohio,2026-02-20T20:09:48.974676+00:00
us-oh-columbus-saint-mary-magdalene-32c4a553,St. Mary Magdalene,473 S Roys Ave,Columbus,Ohio,39.9453099,-83.07735612,(614) 274-1121,http://www.stmarymagdalenecolumbus.org/,14,0,0,False,Canal Winchester; Groveport; Hilliard; Grove City; Obetz; Hamilton Township; Lithopolis; Lockbourne; Madison Township; West Columbus; Lincoln Village; Prairie Township; Westgate; Galloway; Urbancrest; Commercial Point,https://catholicindex.org/mass-times/canal-winchester-ohio,2026-02-20T20:09:48.974676+00:00
us-oh-columbus-saint-mary-44634f7c,St. Mary of the Assumption,684 S 3rd St,Columbus,Ohio,39.94875057,-82.99480048,(614) 445-9668,http://stmarychurchgv.org/,11,0,0,False,Canal Winchester; Groveport; Hilliard; Grove City; Obetz; Hamilton Township; Lithopolis; Lockbourne; Madison Township; West Columbus; Lincoln Village; Prairie Township; Westgate; Galloway; Urbancrest; Commercial Point,https://catholicindex.org/mass-times/canal-winchester-ohio,2026-02-20T20:09:48.974676+00:00
us-oh-columbus-st-marys-syro-malabar-catholic-mission-acb02b69,St. Mary’s Syro Malabar Catholic Mission,893 Hamlet St,Columbus,Ohio,39.9809074,-82.99987557,614 956 9116,http://www.columbuschurch.org/,3,0,0,False,Canal Winchester; Groveport; Hilliard; Grove City; Obetz; Hamilton Township; Lithopolis; Lockbourne; Madison Township; West Columbus; Lincoln Village; Prairie Township; Westgate; Galloway; Urbancrest; Commercial Point,https://catholicindex.org/mass-times/canal-winchester-ohio,2026-02-20T20:09:48.974676+00:00
us-oh-columbus-church-of-st-matthias-a3620f4d,St. Matthias,1582 Ferris Rd,Columbus,Ohio,40.0510625,-82.9749375,16142673406,https://www.bakhitacolumbus.org/,9,0,0,False,Canal Winchester; Groveport; Hilliard; Grove City; Obetz; Hamilton Township; Lithopolis; Lockbourne; Madison Township; West Columbus; Lincoln Village; Prairie Township; Westgate; Galloway; Urbancrest; Commercial Point,https://catholicindex.org/mass-times/canal-winchester-ohio,2026-02-20T20:09:48.974676+00:00
us-oh-columbus-saint-patrick-97db0cb5,St. Patrick,280 N Grant Ave,Columbus,Ohio,39.96886933,-82.99197676,(614) 240-5910,http://www.stpatrickcolumbus.org/,20,0,0,False,Canal Winchester; Groveport; Hilliard; Grove City; Obetz; Hamilton Township; Lithopolis; Lockbourne; Madison Township; West Columbus; Lincoln Village; Prairie Township; Westgate; Galloway; Urbancrest; Commercial Point,https://catholicindex.org/mass-times/canal-winchester-ohio,2026-02-20T20:09:48.974676+00:00
us-oh-columbus-church-of-st-peter-2ad289be,St. Peter,6899 Smoky Row Rd,Columbus,Ohio,40.1059375,-83.0658125,16148892221,https://www.oogie.eu/,0,0,0,False,Canal Winchester; Groveport; Hilliard; Grove City; Obetz; Hamilton Township; Lithopolis; Lockbourne; Madison Township; West Columbus; Lincoln Village; Prairie Township; Westgate; Galloway; Urbancrest; Commercial Point,https://catholicindex.org/mass-times/canal-winchester-ohio,2026-02-20T20:09:48.974676+00:00
us-oh-columbus-st-peter-campus-saint-peter-saint-joan-of-arc-parish-770aaf06,St. Peter,6899 Smoky Row Rd,Columbus,Ohio,40.10611807,-83.06545226,(614) 761-0905,http://spsjoa.org/,11,0,0,False,Canal Winchester; Groveport; Hilliard; Grove City; Obetz; Hamilton Township; Lithopolis; Lockbourne; Madison Township; West Columbus; Lincoln Village; Prairie Township; Westgate; Galloway; Urbancrest; Commercial Point,https://catholicindex.org/mass-times/canal-winchester-ohio,2026-02-20T20:09:48.974676+00:00
us-oh-columbus-church-of-st-philip-the-apostle-a6d7292e,St. Philip the Apostle,1573 Elaine Rd,Columbus,Ohio,39.9421875,-82.8860625,16142371671,http://www.stphilipcolumbus.org,0,0,0,False,Canal Winchester; Groveport; Hilliard; Grove City; Obetz; Hamilton Township; Lithopolis; Lockbourne; Madison Township; West Columbus; Lincoln Village; Prairie Township; Westgate; Galloway; Urbancrest; Commercial Point,https://catholicindex.org/mass-times/canal-winchester-ohio,2026-02-20T20:09:48.974676+00:00
us-oh-columbus-st-stephen-the-martyr-03ceb9a2,St. Stephen the Martyr,4131 Clime Rd,Columbus,Ohio,39.93005467,-83.10610051,(614) 272-5206,https://columbuscatholic.org/st-stephen-the-martyr,3,0,0,False,Canal Winchester; Groveport; Hilliard; Grove City; Obetz; Hamilton Township; Lithopolis; Lockbourne; Madison Township; West Columbus; Lincoln Village; Prairie Township; Westgate; Galloway; Urbancrest; Commercial Point,https://catholicindex.org/mass-times/canal-winchester-ohio,2026-02-20T20:09:48.974676+00:00
us-oh-columbus-st-thomas-more-newman-center-ohio-st-univ-16089797,St. Thomas More Newman Center (Ohio St. Univ.),64 W Lane Ave,Columbus,Ohio,40.00628425,-83.01103222,(614) 291-4674,http://www.buckeyecatholic.com/,19,0,0,False,Canal Winchester; Groveport; Hilliard; Grove City; Obetz; Hamilton Township; Lithopolis; Lockbourne; Madison Township; West Columbus; Lincoln Village; Prairie Township; Westgate; Galloway; Urbancrest; Commercial Point,https://catholicindex.org/mass-times/canal-winchester-ohio,2026-02-20T20:09:48.974676+00:00
us-oh-columbus-st-thomas-the-apostle-47b3d6fe,St. Thomas the Apostle,2692 E Fifth Ave,Columbus,Ohio,39.98575123,-82.93167795,(614) 252-0976,http://jmjcolumbus.org/,5,0,0,False,Canal Winchester; Groveport; Hilliard; Grove City; Obetz; Hamilton Township; Lithopolis; Lockbourne; Madison Township; West Columbus; Lincoln Village; Prairie Township; Westgate; Galloway; Urbancrest; Commercial Point,https://catholicindex.org/mass-times/canal-winchester-ohio,2026-02-20T20:09:48.974676+00:00
us-oh-columbus-saint-timothy-133480c5,St. Timothy,1088 Thomas Ln,Columbus,Ohio,40.0340674,-83.04556684,(614) 451-2671,http://www.sttimchurch.org/,12,0,0,False,Canal Winchester; Groveport; Hilliard; Grove City; Obetz; Hamilton Township; Lithopolis; Lockbourne; Madison Township; West Columbus; Lincoln Village; Prairie Township; Westgate; Galloway; Urbancrest; Commercial Point,https://catholicindex.org/mass-times/canal-winchester-ohio,2026-02-20T20:09:48.974676+00:00
us-oh-columbus-saints-augustine-and-gabriel-a836c4d8,Sts. Augustine and Gabriel,1550 E Hudson St,Columbus,Ohio,40.01415435,-82.96831489,(614) 268-3123,https://www.augustinegabriel.org,7,0,0,False,Canal Winchester; Groveport; Hilliard; Grove City; Obetz; Hamilton Township; Lithopolis; Lockbourne; Madison Township; West Columbus; Lincoln Village; Prairie Township; Westgate; Galloway; Urbancrest; Commercial Point,https://catholicindex.org/mass-times/canal-winchester-ohio,2026-02-20T20:09:48.974676+00:00
us-oh-delaware-st-mary-parish-6c66e014,St. Mary,82 E William St,Delaware,Ohio,40.298317,-83.0647049,(740) 363-4641,https://www.delawarestmary.org/,14,0,0,False,Hilliard; Obetz; Hamilton Township; Lithopolis; Lockbourne; Madison Township; West Columbus; Lincoln Village; Prairie Township; Westgate; Galloway; Urbancrest; Commercial Point,https://catholicindex.org/mass-times/hilliard-ohio,2026-02-20T20:09:52.002124+00:00
us-oh-dublin-saint-brigid-of-kildare-6cfd6e43,St. Brigid of Kildare,7179 Avery Rd,Dublin,Ohio,40.11802262,-83.15839186,(614) 761-3734,https://www.stbrigidofkildare.org,13,0,0,False,Groveport; Hilliard; Grove City; Obetz; Hamilton Township; Lithopolis; Lockbourne; Madison Township; West Columbus; Lincoln Village; Prairie Township; Westgate; Galloway; Urbancrest; Commercial Point,https://catholicindex.org/mass-times/groveport-ohio,2026-02-20T20:09:50.430076+00:00
us-oh-gahanna-saint-matthew-the-apostle-ac5c4277,St. Matthew the Apostle,807 Havens Corners Rd,Gahanna,Ohio,40.01718131,-82.85387217,(614) 471-0212,https://www.stmatthew.net,4,0,0,False,Canal Winchester; Groveport; Hilliard; Grove City; Obetz; Hamilton Township; Lithopolis; Lockbourne; Madison Township; West Columbus; Lincoln Village; Prairie Township; Westgate; Galloway; Urbancrest; Commercial Point,https://catholicindex.org/mass-times/canal-winchester-ohio,2026-02-20T20:09:48.974676+00:00
us-oh-granville-saint-edward-the-confessor-8d73104e,St Edward the Confessor,785 Newark-Granville Rd,Granville,Ohio,40.06805546,-82.50704908,(740) 587-3254,https://www.saintedwards.org/,8,0,0,False,Canal Winchester,https://catholicindex.org/mass-times/canal-winchester-ohio,2026-02-20T20:09:48.974676+00:00
us-oh-grove-city-our-lady-of-perpetual-help-7815f1cf,Our Lady of Perpetual Help Church,3730 Broadway,Grove City,Ohio,39.88751302,-83.08795897,(614) 875-3322,http://ourladygc.org/,7,0,0,False,Canal Winchester; Groveport; Hilliard; Grove City; Obetz; Hamilton Township; Lithopolis; Lockbourne; Madison Township; West Columbus; Lincoln Village; Prairie Township; Westgate; Galloway; Urbancrest; Commercial Point,https://catholicindex.org/mass-times/canal-winchester-ohio,2026-02-20T20:09:48.974676+00:00
us-oh-groveport-church-of-st-mary-67cb7df0,St. Mary,5684 Rd,Groveport,Ohio,39.8584375,-82.9056875,16144971324,https://stmarychurchgv.org/,11,0,0,False,Canal Winchester; Groveport; Hilliard; Grove City; Obetz; Hamilton Township; Lithopolis; Lockbourne; Madison Township; West Columbus; Lincoln Village; Prairie Township; Westgate; Galloway; Urbancrest; Commercial Point,https://catholicindex.org/mass-times/canal-winchester-ohio,2026-02-20T20:09:48.974676+00:00
us-oh-heath-church-of-st-leonard-d919f762,St. Leonard,57 Dorsey Mill Rd,Heath,Ohio,40.0194375,-82.4429375,17405225270,https://www.stleonard-heath.com/,8,0,0,False,Canal Winchester,https://catholicindex.org/mass-times/canal-winchester-ohio,2026-02-20T20:09:48.974676+00:00
us-oh-hilliard-saint-brendan-8255a0ad,St. Brendan the Navigator,4475 Dublin Rd,Hilliard,Ohio,40.05359641,-83.1070915,(614) 876-1272,https://www.stbrendans.net/,14,0,0,False,Canal Winchester; Groveport; Hilliard; Grove City; Obetz; Hamilton Township; Lithopolis; Lockbourne; Madison Township; West Columbus; Lincoln Village; Prairie Township; Westgate; Galloway; Urbancrest; Commercial Point,https://catholicindex.org/mass-times/canal-winchester-ohio,2026-02-20T20:09:48.974676+00:00
us-oh-johnstown-church-of-the-ascension-ab6bf6d6,Ascension,555 S Main St,Johnstown,Ohio,40.1453793,-82.67780197,(740) 967-7871,https://www.cotaj.org/,7,0,0,False,Canal Winchester; Groveport; Hilliard; Obetz; Hamilton Township; Lithopolis; Lockbourne; Madison Township; West Columbus; Lincoln Village; Prairie Township; Westgate; Galloway; Urbancrest; Commercial Point,https://catholicindex.org/mass-times/canal-winchester-ohio,2026-02-20T20:09:48.974676+00:00
us-oh-lancaster-saint-bernadette-5600400e,St. Bernadette,1343 Wheeling Rd,Lancaster,Ohio,39.7266475,-82.55975117,(740) 654-1893,https://stbernadetteparish.net,12,0,0,False,Canal Winchester; Groveport,https://catholicindex.org/mass-times/canal-winchester-ohio,2026-02-20T20:09:48.974676+00:00
us-oh-lancaster-church-of-st-mark-721f0617,St. Mark,324 Gay St,Lancaster,Ohio,39.7119375,-82.6299375,17406531229,$undefined,0,0,0,False,Canal Winchester; Groveport,https://catholicindex.org/mass-times/canal-winchester-ohio,2026-02-20T20:09:48.974676+00:00
us-oh-lancaster-st-mark-catholic-church-5cf338f7,St. Mark Catholic Church,324 Gay St,Lancaster,OH,39.7129009,-82.6319187,+1-740-653-1229,http://www.stmarklancaster.com,0,0,0,False,Canal Winchester; Groveport,https://catholicindex.org/mass-times/canal-winchester-ohio,2026-02-20T20:09:48.974676+00:00
us-oh-lancaster-the-basilica-of-saint-mary-of-the-assumption-b1fa6271,The Basilica of St. Mary of the Assumption,132 S High St,Lancaster,Ohio,39.71286586,-82.59896544,(740) 653-0997,https://www.stmarylancaster.org,8,0,0,False,Canal Winchester; Groveport,https://catholicindex.org/mass-times/canal-winchester-ohio,2026-02-20T20:09:48.974676+00:00
us-oh-london-saint-patrick-14a9ea1f,St. Patrick,61 S Union St,London,Ohio,39.88577681,-83.44632741,(740) 852-0942,https://www.stpatricklondon.org/,10,0,0,False,Hilliard; Grove City; Obetz; Hamilton Township; Lithopolis; Lockbourne; Madison Township; West Columbus; Lincoln Village; Prairie Township; Westgate; Galloway; Urbancrest; Commercial Point,https://catholicindex.org/mass-times/hilliard-ohio,2026-02-20T20:09:52.002124+00:00
us-oh-marble-cliff-our-lady-of-lebanon-maronite-e3cfe390,Our Lady of Lebanon [Maronite],1559 Roxbury Rd,Marble Cliff,Ohio,39.987461,-83.088295,$undefined,http://ololcolumbus.org/,1,0,0,False,Canal Winchester; Groveport; Hilliard; Grove City; Obetz; Hamilton Township; Lithopolis; Lockbourne; Madison Township; West Columbus; Lincoln Village; Prairie Township; Westgate; Galloway; Urbancrest; Commercial Point,https://catholicindex.org/mass-times/canal-winchester-ohio,2026-02-20T20:09:48.974676+00:00
us-oh-marysville-our-lady-of-lourdes-fa1ac021,Our Lady of Lourdes,1033 W Fifth St,Marysville,Ohio,40.23907882,-83.38501437,(937) 644-6020,https://www.olol.cc/,14,0,0,False,Hilliard,https://catholicindex.org/mass-times/hilliard-ohio,2026-02-20T20:09:52.002124+00:00
us-oh-mechanicsburg-st-michael-e9b4f888,St. Michael,40 Walnut St,Mechanicsburg,Ohio,40.07235453,-83.55818425,(937) 653-1375,https://www.champaigncatholics.org,4,0,0,False,Hilliard,https://catholicindex.org/mass-times/hilliard-ohio,2026-02-20T20:09:52.002124+00:00
us-oh-new-albany-church-of-the-resurrection-177b2bb8,Resurrection,6300 E Dublin - Granville Rd,New Albany,Ohio,40.08417614,-82.81970353,(614) 855-1400,https://www.cotrna.org,13,0,0,False,Canal Winchester; Groveport; Hilliard; Grove City; Obetz; Hamilton Township; Lithopolis; Lockbourne; Madison Township; West Columbus; Lincoln Village; Prairie Township; Westgate; Galloway; Urbancrest; Commercial Point,https://catholicindex.org/mass-times/canal-winchester-ohio,2026-02-20T20:09:48.974676+00:00
us-oh-pickerington-seton-parish-0d0b5f2e,Seton Parish,600 Hill Rd N,Pickerington,Ohio,39.89817081,-82.76377934,(614) 833-0482,https://www.setonparish.com/,12,0,0,False,Canal Winchester; Groveport; Hilliard; Grove City; Obetz; Hamilton Township; Lithopolis; Lockbourne; Madison Township; West Columbus; Lincoln Village; Prairie Township; Westgate; Galloway; Urbancrest; Commercial Point,https://catholicindex.org/mass-times/canal-winchester-ohio,2026-02-20T20:09:48.974676+00:00
us-oh-plain-city-saint-joseph-45a71e8d,St. Joseph,140 W Ave,Plain City,Ohio,40.10378253,-83.26677757,(614) 873-8850,https://www.stjosephpc.org,7,0,0,False,Hilliard; Grove City; Obetz; Hamilton Township; Lithopolis; Lockbourne; Madison Township; West Columbus; Lincoln Village; Prairie Township; Westgate; Galloway; Urbancrest; Commercial Point,https://catholicindex.org/mass-times/hilliard-ohio,2026-02-20T20:09:52.002124+00:00
us-oh-powell-st-joan-of-arc-0f433fde,St. Joan of Arc,10700 Liberty Rd S,Powell,Ohio,40.1392549,-83.07370267,(614) 761-0905,https://spsjoa.org,10,0,0,False,Groveport; Hilliard; Grove City; Obetz; Hamilton Township; Lithopolis; Lockbourne; Madison Township; West Columbus; Lincoln Village; Prairie Township; Westgate; Galloway; Urbancrest; Commercial Point,https://catholicindex.org/mass-times/groveport-ohio,2026-02-20T20:09:50.430076+00:00
us-oh-reynoldsburg-saint-pius-x-206b1010,St. Pius X,1051 Waggoner Rd,Reynoldsburg,Ohio,39.96301452,-82.79456426,(614) 866-2859,https://www.spxreynoldsburg.com,10,0,0,False,Canal Winchester; Groveport; Hilliard; Grove City; Obetz; Hamilton Township; Lithopolis; Lockbourne; Madison Township; West Columbus; Lincoln Village; Prairie Township; Westgate; Galloway; Urbancrest; Commercial Point,https://catholicindex.org/mass-times/canal-winchester-ohio,2026-02-20T20:09:48.974676+00:00
us-oh-sugar-grove-saint-joseph-2fc6113f,St. Joseph,308 Elm St,Sugar Grove,Ohio,39.62713722,-82.54941258,(740) 654-1893,https://www.stjosephsugargrove.org,3,0,0,False,Canal Winchester; Groveport,https://catholicindex.org/mass-times/canal-winchester-ohio,2026-02-20T20:09:48.974676+00:00
us-oh-sunbury-saint-john-neumann-901af492,St. John Neumann,9633 E State Rt 37,Sunbury,Ohio,40.26171359,-82.88968369,(740) 965-1358,https://www.saintjohnsunbury.org,14,0,0,False,Hilliard; Obetz; Hamilton Township; Lithopolis; Lockbourne; Madison Township; West Columbus; Lincoln Village; Prairie Township; Westgate; Galloway; Urbancrest; Commercial Point,https://catholicindex.org/mass-times/hilliard-ohio,2026-02-20T20:09:52.002124+00:00
us-oh-upper-arlington-st-agatha-a89b5b93,St. Agatha,1860 Northam Rd,Upper Arlington,Ohio,40.01232224,-83.06127707,(614) 488-6149,https://www.st-agatha.org,10,0,0,False,Canal Winchester; Groveport; Hilliard; Grove City; Obetz; Hamilton Township; Lithopolis; Lockbourne; Madison Township; West Columbus; Lincoln Village; Prairie Township; Westgate; Galloway; Urbancrest; Commercial Point,https://catholicindex.org/mass-times/canal-winchester-ohio,2026-02-20T20:09:48.974676+00:00
us-oh-west-jefferson-saints-simon-and-jude-4637f232,Sts. Simon and Jude,9350 High Free Pike,West Jefferson,Ohio,39.97677644,-83.25641967,(614) 879-8562,http://www.stsimonjude.org/,1,0,0,False,Groveport; Hilliard; Grove City; Obetz; Hamilton Township; Lithopolis; Lockbourne; Madison Township; West Columbus; Lincoln Village; Prairie Township; Westgate; Galloway; Urbancrest; Commercial Point,https://catholicindex.org/mass-times/groveport-ohio,2026-02-20T20:09:50.430076+00:00
us-oh-westerville-saint-paul-the-apostle-89302b83,St. Paul the Apostle,313 N State St,Westerville,Ohio,40.13447763,-82.93423901,(614) 882-2109,https://stpacc.org,15,0,0,False,Canal Winchester; Groveport; Hilliard; Grove City; Obetz; Hamilton Township; Lithopolis; Lockbourne; Madison Township; West Columbus; Lincoln Village; Prairie Township; Westgate; Galloway; Urbancrest; Commercial Point,https://catholicindex.org/mass-times/canal-winchester-ohio,2026-02-20T20:09:48.974676+00:00
us-oh-whitehall-holy-spirit-1c2b21be,Holy Spirit,4383 E Broad St,Whitehall,Ohio,39.97473099,-82.8843124,(614) 861-1521,https://holyspiritcolumbus.org,7,0,0,False,Canal Winchester; Groveport; Hilliard; Grove City; Obetz; Hamilton Township; Lithopolis; Lockbourne; Madison Township; West Columbus; Lincoln Village; Prairie Township; Westgate; Galloway; Urbancrest; Commercial Point,https://catholicindex.org/mass-times/canal-winchester-ohio,2026-02-20T20:09:48.974676+00:00
us-oh-worthington-st-michael-the-archangel-8b61a971,St. Michael the Archangel,5750 N High St,Worthington,Ohio,40.07785562,-83.0180801,614-885-7814,http://www.saintmichael-cd.org/,17,0,0,False,Canal Winchester; Groveport; Hilliard; Grove City; Obetz; Hamilton Township; Lithopolis; Lockbourne; Madison Township; West Columbus; Lincoln Village; Prairie Township; Westgate; Galloway; Urbancrest; Commercial Point,https://catholicindex.org/mass-times/canal-winchester-ohio,2026-02-20T20:09:48.974676+00:00
