city,state_code,state_name,county,latitude,longitude
Aberdeen,OH,Ohio,Brown,38.670864,-83.763723
Ada,OH,Ohio,Hardin,40.770931,-83.815402
Adamsville,OH,Ohio,Muskingum,40.07929,-81.871847
Addyston,OH,Ohio,Hamilton,39.137364,-84.709602
Adelphi,OH,Ohio,Ross,39.466667,-82.747222
Adena,OH,Ohio,Jefferson,40.212581,-80.881538
Akron,OH,Ohio,Summit,41.044852,-81.520048
Albany,OH,Ohio,Athens,39.209664,-82.217727
Alexandria,OH,Ohio,Licking,40.105965,-82.607683
Alger,OH,Ohio,Hardin,40.705967,-83.825011
Alledonia,OH,Ohio,Belmont,39.905271,-80.957753
Alliance,OH,Ohio,Stark,40.915842,-81.118193
Alpha,OH,Ohio,Greene,39.711667,-84.023333
Alvada,OH,Ohio,Seneca,41.046284,-83.376982
Alvordton,OH,Ohio,Williams,41.662489,-84.435533
Amanda,OH,Ohio,Fairfield,39.625104,-82.755236
Amelia,OH,Ohio,Clermont,39.021138,-84.211174
Amesville,OH,Ohio,Athens,39.408641,-81.964976
Amherst,OH,Ohio,Lorain,41.390506,-82.228165
Amlin,OH,Ohio,Franklin,40.07203,-83.179157
Amsterdam,OH,Ohio,Jefferson,40.473131,-80.959554
Andover,OH,Ohio,Ashtabula,41.622488,-80.575374
Anna,OH,Ohio,Shelby,40.405105,-84.210344
Ansonia,OH,Ohio,Darke,40.215064,-84.640642
Antwerp,OH,Ohio,Paulding,41.188736,-84.744796
Apple Creek,OH,Ohio,Wayne,40.755118,-81.809256
Arcadia,OH,Ohio,Hancock,41.111562,-83.50195
Arcanum,OH,Ohio,Darke,39.988367,-84.53702
Archbold,OH,Ohio,Fulton,41.533255,-84.304833
Arlington,OH,Ohio,Hancock,40.876109,-83.668536
Ashland,OH,Ohio,Ashland,40.855892,-82.318931
Ashley,OH,Ohio,Delaware,40.416264,-82.954201
Ashtabula,OH,Ohio,Ashtabula,41.867877,-80.794681
Ashville,OH,Ohio,Pickaway,39.731576,-82.944567
Athens,OH,Ohio,Athens,39.317824,-82.102011
Attica,OH,Ohio,Seneca,41.077755,-82.889721
Atwater,OH,Ohio,Portage,41.033487,-81.198456
Augusta,OH,Ohio,Carroll,40.685833,-81.021111
Aurora,OH,Ohio,Portage,41.320935,-81.360424
Austinburg,OH,Ohio,Ashtabula,41.75536,-80.858422
Ava,OH,Ohio,Noble,39.831667,-81.575
Avon,OH,Ohio,Lorain,41.446713,-82.020359
Avon Lake,OH,Ohio,Lorain,41.501904,-82.011094
Bainbridge,OH,Ohio,Ross,39.213116,-83.276268
Bakersville,OH,Ohio,Coshocton,40.355556,-81.645833
Baltic,OH,Ohio,Tuscarawas,40.447568,-81.679171
Baltimore,OH,Ohio,Fairfield,39.864452,-82.624023
Bannock,OH,Ohio,Belmont,40.098611,-80.977222
Barberton,OH,Ohio,Summit,41.018589,-81.615314
Barlow,OH,Ohio,Washington,39.398611,-81.665
Barnesville,OH,Ohio,Belmont,39.9812,-81.171295
Bartlett,OH,Ohio,Washington,39.419444,-81.815833
Barton,OH,Ohio,Belmont,40.107222,-80.841389
Bascom,OH,Ohio,Seneca,41.132778,-83.285278
Batavia,OH,Ohio,Clermont,39.095661,-84.145125
Bath,OH,Ohio,Summit,41.188889,-81.636389
Bay Village,OH,Ohio,Cuyahoga,41.484137,-81.928868
Beach City,OH,Ohio,Stark,40.656199,-81.585129
Beachwood,OH,Ohio,Cuyahoga,41.470109,-81.523172
Beallsville,OH,Ohio,Monroe,39.872601,-81.014358
Beaver,OH,Ohio,Pike,39.023847,-82.847469
Beaverdam,OH,Ohio,Allen,40.833333,-83.976667
Bedford,OH,Ohio,Cuyahoga,41.392067,-81.52315
Bellaire,OH,Ohio,Belmont,40.020399,-80.763813
Bellbrook,OH,Ohio,Greene,39.640187,-84.08245
Belle Center,OH,Ohio,Logan,40.502371,-83.768773
Belle Valley,OH,Ohio,Noble,39.790556,-81.556389
Bellefontaine,OH,Ohio,Logan,40.360472,-83.757076
Bellevue,OH,Ohio,Huron,41.268432,-82.85765
Bellville,OH,Ohio,Richland,40.613604,-82.517516
Belmont,OH,Ohio,Belmont,40.03202,-81.006564
Belmore,OH,Ohio,Putnam,41.098333,-83.984722
Beloit,OH,Ohio,Mahoning,40.895678,-80.989669
Belpre,OH,Ohio,Washington,39.286772,-81.596795
Benton Ridge,OH,Ohio,Hancock,41.004722,-83.794167
Bentonville,OH,Ohio,Adams,38.749444,-83.613333
Berea,OH,Ohio,Cuyahoga,41.367557,-81.861756
Bergholz,OH,Ohio,Jefferson,40.47771,-80.886153
Berkey,OH,Ohio,Lucas,41.698892,-83.830972
Berlin,OH,Ohio,Holmes,40.561111,-81.794444
Berlin Center,OH,Ohio,Mahoning,41.024319,-80.934104
Berlin Heights,OH,Ohio,Erie,41.320519,-82.477713
Bethel,OH,Ohio,Clermont,38.94236,-84.09195
Bethesda,OH,Ohio,Belmont,40.019221,-81.076742
Bettsville,OH,Ohio,Seneca,41.246389,-83.235833
Beverly,OH,Ohio,Washington,39.571435,-81.634588
Bidwell,OH,Ohio,Gallia,38.927647,-82.270092
Big Prairie,OH,Ohio,Holmes,40.618777,-82.072048
Birmingham,OH,Ohio,Erie,41.33,-82.360833
Blacklick,OH,Ohio,Franklin,40.020952,-82.807857
Bladensburg,OH,Ohio,Knox,40.284444,-82.284167
Blaine,OH,Ohio,Belmont,40.067778,-80.8175
Blakeslee,OH,Ohio,Williams,41.524167,-84.730278
Blanchester,OH,Ohio,Clinton,39.303442,-83.973977
Blissfield,OH,Ohio,Coshocton,40.399722,-81.965556
Bloomdale,OH,Ohio,Wood,41.181489,-83.572356
Bloomingburg,OH,Ohio,Fayette,39.628617,-83.409521
Bloomingdale,OH,Ohio,Jefferson,40.3742,-80.807214
Bloomville,OH,Ohio,Seneca,41.018206,-82.989874
Blue Creek,OH,Ohio,Adams,38.756451,-83.35268
Blue Rock,OH,Ohio,Muskingum,39.799996,-81.891023
Bluffton,OH,Ohio,Allen,40.878978,-83.891397
Bolivar,OH,Ohio,Tuscarawas,40.634692,-81.446356
Botkins,OH,Ohio,Shelby,40.465897,-84.177994
Bourneville,OH,Ohio,Ross,39.281944,-83.156667
Bowerston,OH,Ohio,Harrison,40.437056,-81.18624
Bowersville,OH,Ohio,Greene,39.580556,-83.725
Bowling Green,OH,Ohio,Wood,41.381513,-83.650749
Bradford,OH,Ohio,Miami,40.128558,-84.429288
Bradner,OH,Ohio,Wood,41.329789,-83.4456
Brady Lake,OH,Ohio,Portage,41.159444,-81.317222
Brecksville,OH,Ohio,Cuyahoga,41.316554,-81.626083
Brewster,OH,Ohio,Stark,40.714387,-81.598752
Brice,OH,Ohio,Franklin,39.918056,-82.832222
Bridgeport,OH,Ohio,Belmont,40.075184,-80.774682
Brilliant,OH,Ohio,Jefferson,40.268283,-80.631949
Brinkhaven,OH,Ohio,Knox,40.458346,-82.155289
Bristolville,OH,Ohio,Trumbull,41.379749,-80.856839
Broadview Heights,OH,Ohio,Cuyahoga,41.32907,-81.680879
Broadway,OH,Ohio,Union,40.341111,-83.412222
Brook Park,OH,Ohio,Cuyahoga,41.397944,-81.811811
Brookfield,OH,Ohio,Trumbull,41.247957,-80.578767
Brookville,OH,Ohio,Montgomery,39.841393,-84.416464
Brownsville,OH,Ohio,Licking,39.946944,-82.256667
Brunswick,OH,Ohio,Medina,41.247053,-81.827968
Bryan,OH,Ohio,Williams,41.474839,-84.56287
Buchtel,OH,Ohio,Athens,39.461944,-82.181944
Buckeye Lake,OH,Ohio,Licking,39.933611,-82.4725
Buckland,OH,Ohio,Auglaize,40.622778,-84.26
Bucyrus,OH,Ohio,Crawford,40.810306,-82.969829
Buffalo,OH,Ohio,Guernsey,39.915833,-81.520278
Buford,OH,Ohio,Highland,39.076667,-83.844167
Burbank,OH,Ohio,Wayne,40.963725,-81.995753
Burghill,OH,Ohio,Trumbull,41.334688,-80.54406
Burgoon,OH,Ohio,Sandusky,41.267986,-83.247455
Burkettsville,OH,Ohio,Mercer,40.351944,-84.642222
Burton,OH,Ohio,Geauga,41.452702,-81.15262
Butler,OH,Ohio,Richland,40.543754,-82.398984
Byesville,OH,Ohio,Guernsey,39.962336,-81.548485
Cable,OH,Ohio,Champaign,40.178411,-83.64696
Cadiz,OH,Ohio,Harrison,40.264537,-80.996244
Cairo,OH,Ohio,Allen,40.831944,-84.086111
Caldwell,OH,Ohio,Noble,39.746651,-81.51528
Caledonia,OH,Ohio,Marion,40.627239,-82.992465
Cambridge,OH,Ohio,Guernsey,40.030501,-81.591277
Camden,OH,Ohio,Preble,39.613391,-84.610008
Cameron,OH,Ohio,Monroe,39.766944,-80.945
Camp Dennison,OH,Ohio,Hamilton,39.196212,-84.289659
Campbell,OH,Ohio,Mahoning,41.077829,-80.589721
Canal Fulton,OH,Ohio,Stark,40.88871,-81.577269
Canal Winchester,OH,Ohio,Franklin,39.83486,-82.804369
Canfield,OH,Ohio,Mahoning,41.029328,-80.756436
Canton,OH,Ohio,,40.827,-81.3853
Canton,OH,Ohio,Stark,40.7962,-81.3768
Carbon Hill,OH,Ohio,Hocking,39.501667,-82.244722
Carbondale,OH,Ohio,Athens,39.377778,-82.271111
Cardington,OH,Ohio,Morrow,40.506583,-82.933728
Carey,OH,Ohio,Wyandot,40.948599,-83.383578
Carroll,OH,Ohio,Fairfield,39.795743,-82.708358
Carrollton,OH,Ohio,Carroll,40.578663,-81.081789
Casstown,OH,Ohio,Miami,40.071578,-84.108799
Castalia,OH,Ohio,Erie,41.387229,-82.799426
Catawba,OH,Ohio,Clark,39.999167,-83.621667
Cecil,OH,Ohio,Paulding,41.217355,-84.629646
Cedarville,OH,Ohio,Greene,39.748424,-83.801253
Celina,OH,Ohio,Mercer,40.546074,-84.570067
Centerburg,OH,Ohio,Knox,40.286513,-82.680039
Chagrin Falls,OH,Ohio,Cuyahoga,41.418577,-81.361437
Chagrin Falls,OH,Ohio,Geauga,41.430833,-81.392222
Chandlersville,OH,Ohio,Muskingum,39.889659,-81.830084
Chardon,OH,Ohio,Geauga,41.571862,-81.205629
Charm,OH,Ohio,Holmes,40.506667,-81.785
Chatfield,OH,Ohio,Crawford,40.956637,-83.021432
Chauncey,OH,Ohio,Athens,39.397778,-82.129444
Cherry Fork,OH,Ohio,Adams,38.8875,-83.614444
Chesapeake,OH,Ohio,Lawrence,38.455089,-82.450448
Cheshire,OH,Ohio,Gallia,38.958678,-82.123537
Chester,OH,Ohio,Meigs,39.0875,-81.922778
Chesterhill,OH,Ohio,Morgan,39.495277,-81.877286
Chesterland,OH,Ohio,Geauga,41.534378,-81.342102
Chesterville,OH,Ohio,Morrow,40.48,-82.683611
Chickasaw,OH,Ohio,Mercer,40.436944,-84.493333
Chillicothe,OH,Ohio,Ross,39.337997,-82.98949
Chilo,OH,Ohio,Clermont,38.793056,-84.140833
Chippewa Lake,OH,Ohio,Medina,41.06719,-81.909173
Christiansburg,OH,Ohio,Champaign,40.055278,-84.026111
Cincinnati,OH,Ohio,Clermont,39.091293,-84.277383
Cincinnati,OH,Ohio,Hamilton,39.1063,-84.5356
Circleville,OH,Ohio,Pickaway,39.598836,-82.929966
Clarington,OH,Ohio,Monroe,39.781908,-80.911311
Clarksburg,OH,Ohio,Ross,39.490432,-83.156282
Clarksville,OH,Ohio,Clinton,39.404233,-83.959407
Clay Center,OH,Ohio,Ottawa,41.563333,-83.361944
Clayton,OH,Ohio,Montgomery,39.855124,-84.33989
Cleveland,OH,Ohio,Cuyahoga,41.4918,-81.6757
Cleves,OH,Ohio,Hamilton,39.193707,-84.733969
Clifton,OH,Ohio,Greene,39.796944,-83.825833
Clinton,OH,Ohio,Summit,40.939062,-81.587079
Cloverdale,OH,Ohio,Putnam,41.037934,-84.29382
Clyde,OH,Ohio,Sandusky,41.302397,-82.991849
Coal Run,OH,Ohio,Washington,39.5675,-81.581389
Coalton,OH,Ohio,Jackson,39.113611,-82.611389
Coldwater,OH,Ohio,Mercer,40.484557,-84.651653
Colerain,OH,Ohio,Belmont,40.125833,-80.808889
College Corner,OH,Ohio,Butler,39.575453,-84.804951
Collins,OH,Ohio,Huron,41.245023,-82.490402
Collinsville,OH,Ohio,Butler,39.515278,-84.609444
Colton,OH,Ohio,Henry,41.464722,-83.9525
Columbia Station,OH,Ohio,Lorain,41.318708,-81.934398
Columbiana,OH,Ohio,Columbiana,40.885279,-80.697473
Columbus,OH,Ohio,Delaware,40.1444,-82.9789
Columbus,OH,Ohio,Franklin,40.105155,-83.010069
Columbus Grove,OH,Ohio,Putnam,40.91372,-84.070467
Commercial Point,OH,Ohio,Pickaway,39.768333,-83.057222
Conesville,OH,Ohio,Coshocton,40.180441,-81.895074
Conneaut,OH,Ohio,Ashtabula,41.934479,-80.580257
Conover,OH,Ohio,Miami,40.145694,-84.028297
Continental,OH,Ohio,Putnam,41.114769,-84.235778
Convoy,OH,Ohio,Van Wert,40.926998,-84.723772
Coolville,OH,Ohio,Athens,39.214131,-81.832867
Corning,OH,Ohio,Perry,39.634902,-82.097737
Cortland,OH,Ohio,Trumbull,41.325125,-80.732745
Coshocton,OH,Ohio,Coshocton,40.275412,-81.866033
Covington,OH,Ohio,Miami,40.11756,-84.349646
Creola,OH,Ohio,Vinton,39.3497,-82.493835
Crestline,OH,Ohio,Crawford,40.792714,-82.736723
Creston,OH,Ohio,Wayne,40.978846,-81.921083
Crooksville,OH,Ohio,Perry,39.762321,-82.084018
Croton,OH,Ohio,Licking,40.237603,-82.698948
Crown City,OH,Ohio,Gallia,38.613548,-82.265717
Cuba,OH,Ohio,Clinton,39.361111,-83.863889
Cumberland,OH,Ohio,Guernsey,39.874092,-81.625925
Curtice,OH,Ohio,Ottawa,41.647736,-83.285825
Custar,OH,Ohio,Wood,41.295318,-83.834919
Cutler,OH,Ohio,Washington,39.404172,-81.76573
Cuyahoga Falls,OH,Ohio,Summit,41.140082,-81.478961
Cygnet,OH,Ohio,Wood,41.247024,-83.614151
Cynthiana,OH,Ohio,Pike,39.173611,-83.348611
Dalton,OH,Ohio,Wayne,40.779326,-81.70078
Damascus,OH,Ohio,Mahoning,40.901944,-80.955278
Danville,OH,Ohio,Knox,40.455693,-82.263855
Dayton,OH,Ohio,Greene,39.765396,-84.099802
Dayton,OH,Ohio,Montgomery,39.7578,-84.1777
De Graff,OH,Ohio,Logan,40.305773,-83.9153
Decatur,OH,Ohio,Brown,38.815556,-83.703889
Deerfield,OH,Ohio,Portage,41.03586,-81.052827
Deersville,OH,Ohio,Harrison,40.3075,-81.186667
Defiance,OH,Ohio,Defiance,41.279858,-84.362583
Delaware,OH,Ohio,Delaware,40.293186,-83.072312
Dellroy,OH,Ohio,Carroll,40.586143,-81.19856
Delphos,OH,Ohio,Allen,40.833619,-84.324678
Delta,OH,Ohio,Fulton,41.557695,-83.9866
Dennison,OH,Ohio,Tuscarawas,40.408885,-81.320301
Derby,OH,Ohio,Pickaway,39.768611,-83.205833
Derwent,OH,Ohio,Guernsey,39.923056,-81.544444
Deshler,OH,Ohio,Henry,41.223945,-83.896434
Dexter City,OH,Ohio,Noble,39.652585,-81.467151
Diamond,OH,Ohio,Portage,41.093473,-81.0425
Dillonvale,OH,Ohio,Jefferson,40.212132,-80.802843
Dola,OH,Ohio,Hardin,40.787645,-83.689371
Donnelsville,OH,Ohio,Clark,39.918333,-83.948611
Dorset,OH,Ohio,Ashtabula,41.658972,-80.668334
Dover,OH,Ohio,Tuscarawas,40.534338,-81.476321
Doylestown,OH,Ohio,Wayne,40.965042,-81.684845
Dresden,OH,Ohio,Muskingum,40.112941,-82.018807
Dublin,OH,Ohio,Franklin,40.099167,-83.114167
Dunbridge,OH,Ohio,Wood,41.458056,-83.610278
Duncan Falls,OH,Ohio,Muskingum,39.877777,-81.911665
Dundee,OH,Ohio,Tuscarawas,40.639441,-81.676519
Dunkirk,OH,Ohio,Hardin,40.782375,-83.633912
Dupont,OH,Ohio,Putnam,41.100278,-84.266389
East Canton,OH,Ohio,Stark,40.784983,-81.278295
East Claridon,OH,Ohio,Geauga,41.5325,-81.115833
East Fultonham,OH,Ohio,Muskingum,39.85,-82.122222
East Liberty,OH,Ohio,Logan,40.307682,-83.586221
East Liverpool,OH,Ohio,Columbiana,40.645918,-80.578669
East Palestine,OH,Ohio,Columbiana,40.840554,-80.546513
East Rochester,OH,Ohio,Columbiana,40.756288,-81.01749
East Sparta,OH,Ohio,Stark,40.697065,-81.368728
East Springfield,OH,Ohio,Jefferson,40.450556,-80.860556
Eastlake,OH,Ohio,Lake,41.649822,-81.447887
Eaton,OH,Ohio,Preble,39.742572,-84.650849
Edgerton,OH,Ohio,Williams,41.442496,-84.734937
Edison,OH,Ohio,Morrow,40.590475,-82.902301
Edon,OH,Ohio,Williams,41.584219,-84.757002
Eldorado,OH,Ohio,Preble,39.888209,-84.678592
Elgin,OH,Ohio,Van Wert,40.7425,-84.475833
Elkton,OH,Ohio,Columbiana,40.761944,-80.698889
Ellsworth,OH,Ohio,Mahoning,41.024167,-80.8575
Elmore,OH,Ohio,Ottawa,41.468144,-83.27673
Elyria,OH,Ohio,Lorain,41.372353,-82.105088
Empire,OH,Ohio,Jefferson,40.5075,-80.624167
Englewood,OH,Ohio,Montgomery,39.873976,-84.309515
Enon,OH,Ohio,Clark,39.866282,-83.938464
Etna,OH,Ohio,Licking,39.957222,-82.681944
Euclid,OH,Ohio,Cuyahoga,41.569615,-81.525686
Evansport,OH,Ohio,Defiance,41.426111,-84.396389
Fairborn,OH,Ohio,Greene,39.805311,-84.019789
Fairfield,OH,Ohio,Butler,39.326602,-84.547881
Fairlawn,OH,Ohio,Summit,41.1365,-81.5667
Fairpoint,OH,Ohio,Belmont,40.120278,-80.933056
Fairview,OH,Ohio,Guernsey,39.901944,-81.554444
Farmdale,OH,Ohio,Trumbull,41.392301,-80.662818
Farmer,OH,Ohio,Defiance,41.383056,-84.630556
Farmersville,OH,Ohio,Montgomery,39.686684,-84.420507
Fayette,OH,Ohio,Fulton,41.671716,-84.325004
Fayetteville,OH,Ohio,Brown,39.186214,-83.950087
Feesburg,OH,Ohio,Brown,38.878333,-83.998889
Felicity,OH,Ohio,Clermont,38.826248,-84.098581
Findlay,OH,Ohio,Hancock,41.044167,-83.65
Flat Rock,OH,Ohio,Seneca,41.235833,-82.860278
Fleming,OH,Ohio,Washington,39.392806,-81.656444
Fletcher,OH,Ohio,Miami,40.152622,-84.13304
Flushing,OH,Ohio,Belmont,40.145144,-81.07573
Forest,OH,Ohio,Hardin,40.79955,-83.509771
Fort Jennings,OH,Ohio,Putnam,40.948393,-84.237381
Fort Loramie,OH,Ohio,Shelby,40.330632,-84.374131
Fort Recovery,OH,Ohio,Mercer,40.401829,-84.76125
Fostoria,OH,Ohio,Seneca,41.162346,-83.413938
Fowler,OH,Ohio,Trumbull,41.334851,-80.605894
Frankfort,OH,Ohio,Ross,39.391015,-83.203356
Franklin,OH,Ohio,Warren,39.547839,-84.305881
Franklin Furnace,OH,Ohio,Scioto,38.628216,-82.814477
Frazeysburg,OH,Ohio,Muskingum,40.131616,-82.129279
Fredericksburg,OH,Ohio,Wayne,40.685953,-81.851812
Fredericktown,OH,Ohio,Knox,40.497613,-82.585711
Freeport,OH,Ohio,Harrison,40.192502,-81.276955
Fremont,OH,Ohio,Sandusky,41.349792,-83.118095
Fresno,OH,Ohio,Coshocton,40.371126,-81.762297
Friendship,OH,Ohio,Scioto,38.697778,-83.093889
Fulton,OH,Ohio,Morrow,40.465013,-82.836244
Fultonham,OH,Ohio,Muskingum,39.855556,-82.141667
Galena,OH,Ohio,Delaware,40.191546,-82.895937
Galion,OH,Ohio,Crawford,40.730316,-82.793943
Gallipolis,OH,Ohio,Gallia,38.814781,-82.22902
Galloway,OH,Ohio,Franklin,39.936604,-83.183848
Gambier,OH,Ohio,Knox,40.378241,-82.382752
Garrettsville,OH,Ohio,Portage,41.298803,-81.070365
Gates Mills,OH,Ohio,Cuyahoga,41.532368,-81.415021
Geneva,OH,Ohio,Ashtabula,41.802864,-80.947363
Genoa,OH,Ohio,Ottawa,41.530005,-83.358984
Georgetown,OH,Ohio,Brown,38.871708,-83.909153
Germantown,OH,Ohio,Montgomery,39.6244,-84.376384
Gettysburg,OH,Ohio,Darke,40.111389,-84.495278
Gibsonburg,OH,Ohio,Sandusky,41.380474,-83.335762
Girard,OH,Ohio,Trumbull,41.161136,-80.693305
Glandorf,OH,Ohio,Putnam,41.028889,-84.079167
Glencoe,OH,Ohio,Belmont,40.008056,-80.887778
Glenford,OH,Ohio,Perry,39.869935,-82.302592
Glenmont,OH,Ohio,Holmes,40.521682,-82.150538
Glouster,OH,Ohio,Athens,39.497837,-82.087128
Gnadenhutten,OH,Ohio,Tuscarawas,40.372123,-81.405858
Gomer,OH,Ohio,Allen,40.845,-84.187222
Goshen,OH,Ohio,Clermont,39.220931,-84.118764
Grafton,OH,Ohio,Lorain,41.28537,-82.043098
Grand Rapids,OH,Ohio,Wood,41.437855,-83.855246
Grand River,OH,Ohio,Lake,41.736111,-81.281389
Granville,OH,Ohio,Licking,40.078791,-82.519399
Gratiot,OH,Ohio,Licking,39.951111,-82.216111
Gratis,OH,Ohio,Preble,39.647778,-84.527222
Graysville,OH,Ohio,Washington,39.659384,-81.189152
Graytown,OH,Ohio,Ottawa,41.527136,-83.261135
Green,OH,Ohio,Summit,40.945833,-81.483333
Green Camp,OH,Ohio,Marion,40.531944,-83.210556
Green Springs,OH,Ohio,Seneca,41.228111,-83.088549
Greenfield,OH,Ohio,Highland,39.347763,-83.389805
Greenford,OH,Ohio,Mahoning,40.943889,-80.791667
Greentown,OH,Ohio,Stark,40.9275,-81.402778
Greenville,OH,Ohio,Darke,40.098726,-84.634189
Greenwich,OH,Ohio,Huron,41.04068,-82.51334
Grelton,OH,Ohio,Henry,41.341667,-83.999722
Grove City,OH,Ohio,Franklin,39.881382,-83.083944
Groveport,OH,Ohio,Franklin,39.858137,-82.887219
Grover Hill,OH,Ohio,Paulding,41.024497,-84.495601
Guysville,OH,Ohio,Athens,39.294368,-81.926841
Gypsum,OH,Ohio,Ottawa,41.493333,-82.875833
Hallsville,OH,Ohio,Ross,39.443889,-82.827222
Hamden,OH,Ohio,Vinton,39.168497,-82.509976
Hamersville,OH,Ohio,Brown,38.919962,-83.993062
Hamilton,OH,Ohio,Butler,39.405906,-84.522117
Hamler,OH,Ohio,Henry,41.212874,-84.071989
Hammondsville,OH,Ohio,Jefferson,40.579909,-80.729918
Hannibal,OH,Ohio,Monroe,39.667222,-80.872222
Hanoverton,OH,Ohio,Columbiana,40.773116,-80.914445
Harbor View,OH,Ohio,Lucas,41.693333,-83.444444
Harlem Springs,OH,Ohio,Carroll,40.520833,-81.003333
Harpster,OH,Ohio,Wyandot,40.747541,-83.23428
Harrisburg,OH,Ohio,Franklin,39.809444,-83.171111
Harrison,OH,Ohio,Hamilton,39.259208,-84.78368
Harrisville,OH,Ohio,Harrison,40.181389,-80.887778
Harrod,OH,Ohio,Allen,40.717657,-83.943649
Hartford,OH,Ohio,Trumbull,41.311389,-80.568611
Hartville,OH,Ohio,Stark,40.961798,-81.323873
Harveysburg,OH,Ohio,Warren,39.503611,-84.010556
Haskins,OH,Ohio,Wood,41.465159,-83.705858
Haverhill,OH,Ohio,Scioto,38.584722,-82.832222
Haviland,OH,Ohio,Paulding,41.032911,-84.6139
Haydenville,OH,Ohio,Hocking,39.481944,-82.328333
Hayesville,OH,Ohio,Ashland,40.773056,-82.2625
Heath,OH,Ohio,Licking,40.019659,-82.387527
Hebron,OH,Ohio,Licking,39.953464,-82.491868
Helena,OH,Ohio,Sandusky,41.318005,-83.323184
Hicksville,OH,Ohio,Defiance,41.303378,-84.758852
Hideaway Hls,OH,Ohio,Fairfield,39.698807,-82.42548
Higginsport,OH,Ohio,Brown,38.789722,-83.9675
Highland,OH,Ohio,Highland,39.344444,-83.5975
Hilliard,OH,Ohio,Franklin,40.032187,-83.138333
Hillsboro,OH,Ohio,Highland,39.167877,-83.606406
Hinckley,OH,Ohio,Medina,41.241872,-81.74527
Hiram,OH,Ohio,Portage,41.332253,-81.14644
Hockingport,OH,Ohio,Athens,39.188056,-81.751944
Holgate,OH,Ohio,Henry,41.254859,-84.144735
Holland,OH,Ohio,Lucas,41.622629,-83.725712
Hollansburg,OH,Ohio,Darke,39.989862,-84.79008
Holloway,OH,Ohio,Belmont,40.162222,-81.132778
Holmesville,OH,Ohio,Holmes,40.633042,-81.927476
Homer,OH,Ohio,Licking,40.252778,-82.517778
Homerville,OH,Ohio,Medina,41.02669,-82.124957
Homeworth,OH,Ohio,Columbiana,40.859192,-81.065473
Hooven,OH,Ohio,Hamilton,39.178056,-84.759167
Hopedale,OH,Ohio,Harrison,40.349647,-80.902136
Hopewell,OH,Ohio,Muskingum,39.96008,-82.175619
Houston,OH,Ohio,Shelby,40.253478,-84.352109
Howard,OH,Ohio,Knox,40.415818,-82.333351
Hoytville,OH,Ohio,Wood,41.19,-83.784722
Hubbard,OH,Ohio,Trumbull,41.162401,-80.576192
Hudson,OH,Ohio,Summit,41.245836,-81.436659
Huntsburg,OH,Ohio,Geauga,41.530559,-81.057183
Huntsville,OH,Ohio,Logan,40.441295,-83.792748
Huron,OH,Ohio,Erie,41.390662,-82.555491
Iberia,OH,Ohio,Morrow,40.670278,-82.843611
Independence,OH,Ohio,Cuyahoga,41.380905,-81.66421
Irondale,OH,Ohio,Jefferson,40.511052,-80.791546
Ironton,OH,Ohio,Lawrence,38.529429,-82.665351
Irwin,OH,Ohio,Union,40.128352,-83.458699
Isle Saint George,OH,Ohio,Ottawa,41.713668,-82.819275
Jackson,OH,Ohio,Jackson,39.042821,-82.647209
Jackson Center,OH,Ohio,Shelby,40.435802,-84.045677
Jacksontown,OH,Ohio,Licking,39.959444,-82.413056
Jacksonville,OH,Ohio,Athens,39.475,-82.079167
Jacobsburg,OH,Ohio,Belmont,39.956304,-80.882181
Jamestown,OH,Ohio,Greene,39.642848,-83.750417
Jasper,OH,Ohio,Pike,39.05,-83.056667
Jefferson,OH,Ohio,Ashtabula,41.733513,-80.756166
Jeffersonville,OH,Ohio,Fayette,39.65896,-83.56873
Jenera,OH,Ohio,Hancock,40.900388,-83.725628
Jeromesville,OH,Ohio,Ashland,40.813366,-82.186134
Jerry City,OH,Ohio,Wood,41.253889,-83.604444
Jerusalem,OH,Ohio,Monroe,39.848831,-81.092088
Jewell,OH,Ohio,Defiance,41.325833,-84.285556
Jewett,OH,Ohio,Harrison,40.37446,-81.000379
Johnstown,OH,Ohio,Licking,40.14452,-82.697284
Junction City,OH,Ohio,Perry,39.696531,-82.315525
Kalida,OH,Ohio,Putnam,40.982778,-84.199444
Kansas,OH,Ohio,Seneca,41.212543,-83.329829
Keene,OH,Ohio,Coshocton,40.345,-81.868333
Kelleys Island,OH,Ohio,Erie,41.600755,-82.706811
Kensington,OH,Ohio,Columbiana,40.71418,-80.938079
Kent,OH,Ohio,Portage,41.14492,-81.34976
Kenton,OH,Ohio,Hardin,40.640433,-83.611087
Kerr,OH,Ohio,Gallia,38.872778,-82.260833
Kettlersville,OH,Ohio,Shelby,40.438889,-84.261389
Kidron,OH,Ohio,Wayne,40.740833,-81.745
Kilbourne,OH,Ohio,Delaware,40.33,-82.9575
Killbuck,OH,Ohio,Holmes,40.4933,-81.983721
Kimbolton,OH,Ohio,Guernsey,40.166544,-81.53036
Kings Mills,OH,Ohio,Warren,39.355556,-84.248611
Kingston,OH,Ohio,Ross,39.441432,-82.848808
Kingsville,OH,Ohio,Ashtabula,41.872311,-80.660092
Kinsman,OH,Ohio,Trumbull,41.435442,-80.576506
Kipling,OH,Ohio,Guernsey,39.996111,-81.500833
Kipton,OH,Ohio,Lorain,41.268056,-82.302222
Kirby,OH,Ohio,Wyandot,40.813056,-83.418611
Kirkersville,OH,Ohio,Licking,39.959444,-82.595833
Kitts Hill,OH,Ohio,Lawrence,38.564945,-82.548897
Kunkle,OH,Ohio,Williams,41.636667,-84.495278
La Rue,OH,Ohio,Marion,40.578879,-83.373397
Lacarne,OH,Ohio,Ottawa,41.527846,-83.024004
Lafayette,OH,Ohio,Allen,40.759167,-83.948333
Lafferty,OH,Ohio,Belmont,40.111667,-81.018333
Lagrange,OH,Ohio,Lorain,41.242278,-82.127918
Laings,OH,Ohio,Monroe,39.716944,-81.0125
Lake Milton,OH,Ohio,Mahoning,41.101354,-80.97235
Lakemore,OH,Ohio,Summit,41.020833,-81.436111
Lakeside Marblehead,OH,Ohio,Ottawa,41.52913,-82.771392
Lakeview,OH,Ohio,Logan,40.503033,-83.908139
Lakeville,OH,Ohio,Holmes,40.651965,-82.145477
Lakewood,OH,Ohio,Cuyahoga,41.482654,-81.797143
Lancaster,OH,Ohio,Fairfield,39.718697,-82.603074
Langsville,OH,Ohio,Meigs,39.056325,-82.231186
Lansing,OH,Ohio,Belmont,40.075556,-80.790278
Latham,OH,Ohio,Pike,39.080436,-83.328294
Latty,OH,Ohio,Paulding,41.088611,-84.585278
Laura,OH,Ohio,Miami,39.978492,-84.3994
Laurelville,OH,Ohio,Hocking,39.4757,-82.721219
Leavittsburg,OH,Ohio,Trumbull,41.244498,-80.886922
Lebanon,OH,Ohio,Warren,39.442047,-84.218754
Lees Creek,OH,Ohio,Clinton,39.42,-83.649444
Leesburg,OH,Ohio,Highland,39.345767,-83.548146
Leesville,OH,Ohio,Carroll,40.451667,-81.212222
Leetonia,OH,Ohio,Columbiana,40.863077,-80.758453
Leipsic,OH,Ohio,Putnam,41.109197,-83.995723
Lemoyne,OH,Ohio,Wood,41.495833,-83.474167
Lewis Center,OH,Ohio,Delaware,40.198333,-83.010278
Lewisburg,OH,Ohio,Preble,39.853404,-84.53685
Lewistown,OH,Ohio,Logan,40.42768,-83.920893
Lewisville,OH,Ohio,Monroe,39.768379,-81.231583
Liberty Center,OH,Ohio,Henry,41.451371,-83.985889
Lima,OH,Ohio,Allen,40.764066,-84.097296
Lima,OH,Ohio,Auglaize,40.675926,-84.144049
Limaville,OH,Ohio,Stark,40.981944,-81.148611
Lindsey,OH,Ohio,Sandusky,41.414747,-83.213474
Lisbon,OH,Ohio,Columbiana,40.759154,-80.758674
Litchfield,OH,Ohio,Medina,41.166847,-82.015674
Lithopolis,OH,Ohio,Fairfield,39.802778,-82.806389
Little Hocking,OH,Ohio,Washington,39.280046,-81.707107
Lockbourne,OH,Ohio,Franklin,39.814236,-82.976369
Lodi,OH,Ohio,Medina,41.032713,-82.014661
Logan,OH,Ohio,Hocking,39.537175,-82.412594
London,OH,Ohio,Madison,39.900074,-83.443899
Londonderry,OH,Ohio,Ross,39.272283,-82.783288
Long Bottom,OH,Ohio,Meigs,39.08015,-81.888748
Lorain,OH,Ohio,Lorain,41.457796,-82.171039
Lore City,OH,Ohio,Guernsey,40.045854,-81.447853
Loudonville,OH,Ohio,Ashland,40.636059,-82.23559
Louisville,OH,Ohio,Stark,40.847729,-81.259464
Loveland,OH,Ohio,Clermont,39.244484,-84.258802
Lowell,OH,Ohio,Washington,39.53847,-81.519679
Lowellville,OH,Ohio,Mahoning,41.050256,-80.541551
Lower Salem,OH,Ohio,Washington,39.593895,-81.35452
Lucas,OH,Ohio,Richland,40.70389,-82.408671
Lucasville,OH,Ohio,Scioto,38.893832,-82.994009
Luckey,OH,Ohio,Wood,41.451669,-83.467396
Ludlow Falls,OH,Ohio,Miami,39.987091,-84.333391
Lynchburg,OH,Ohio,Highland,39.211931,-83.802124
Lynx,OH,Ohio,Adams,38.773056,-83.413056
Lyons,OH,Ohio,Fulton,41.690546,-84.062351
Macedonia,OH,Ohio,Summit,41.322236,-81.499578
Macksburg,OH,Ohio,Washington,39.620356,-81.447088
Madison,OH,Ohio,Lake,41.805367,-81.058819
Magnetic Springs,OH,Ohio,Union,40.358023,-83.267142
Magnolia,OH,Ohio,Stark,40.651414,-81.307607
Maineville,OH,Ohio,Warren,39.313878,-84.252567
Malaga,OH,Ohio,Monroe,39.854722,-81.149444
Malinta,OH,Ohio,Henry,41.308425,-84.045731
Malta,OH,Ohio,Morgan,39.648212,-81.912746
Malvern,OH,Ohio,Carroll,40.684532,-81.18378
Manchester,OH,Ohio,Adams,38.698167,-83.618064
Mansfield,OH,Ohio,Richland,40.7633,-82.5138
Mantua,OH,Ohio,Portage,41.294141,-81.228259
Maple Heights,OH,Ohio,Cuyahoga,41.410513,-81.560339
Maplewood,OH,Ohio,Shelby,40.343743,-84.076657
Marathon,OH,Ohio,Clermont,39.144722,-84.006389
Marengo,OH,Ohio,Morrow,40.389512,-82.812136
Maria Stein,OH,Ohio,Mercer,40.406225,-84.507579
Marietta,OH,Ohio,Washington,39.428141,-81.464438
Marion,OH,Ohio,Marion,40.5886,-83.1286
Mark Center,OH,Ohio,Defiance,41.291669,-84.62778
Marshallville,OH,Ohio,Wayne,40.906677,-81.722527
Martel,OH,Ohio,Marion,40.670775,-82.90586
Martin,OH,Ohio,Ottawa,41.596249,-83.345536
Martins Ferry,OH,Ohio,Belmont,40.103597,-80.736125
Martinsburg,OH,Ohio,Knox,40.267954,-82.356691
Martinsville,OH,Ohio,Clinton,39.312705,-83.800545
Marysville,OH,Ohio,Union,40.247723,-83.362213
Mason,OH,Ohio,Warren,39.335741,-84.314935
Massillon,OH,Ohio,Stark,40.811605,-81.497263
Masury,OH,Ohio,Trumbull,41.22552,-80.532565
Maumee,OH,Ohio,Lucas,41.581682,-83.66283
Maximo,OH,Ohio,Stark,40.876389,-81.172222
Maynard,OH,Ohio,Belmont,40.123333,-80.879444
Mc Arthur,OH,Ohio,Vinton,39.255326,-82.490699
Mc Clure,OH,Ohio,Henry,41.377309,-83.942482
Mc Comb,OH,Ohio,Hancock,41.112498,-83.801423
Mc Cutchenville,OH,Ohio,Wyandot,40.975225,-83.263669
Mc Dermott,OH,Ohio,Scioto,38.836203,-83.068892
Mc Donald,OH,Ohio,Trumbull,41.158026,-80.731169
Mc Guffey,OH,Ohio,Hardin,40.693611,-83.787778
Mcconnelsville,OH,Ohio,Morgan,39.670014,-81.837625
Mechanicsburg,OH,Ohio,Champaign,40.064659,-83.572352
Mechanicstown,OH,Ohio,Carroll,40.626279,-80.956025
Medina,OH,Ohio,Medina,41.140415,-81.858351
Medway,OH,Ohio,Clark,39.879774,-84.026808
Melmore,OH,Ohio,Seneca,41.038954,-83.143238
Melrose,OH,Ohio,Paulding,41.092222,-84.419722
Mendon,OH,Ohio,Mercer,40.677737,-84.51515
Mentor,OH,Ohio,Lake,41.689468,-81.342133
Mesopotamia,OH,Ohio,Trumbull,41.458333,-80.955278
Metamora,OH,Ohio,Fulton,41.695233,-83.925972
Miamisburg,OH,Ohio,Montgomery,39.632095,-84.267477
Miamitown,OH,Ohio,Hamilton,39.215833,-84.704167
Miamiville,OH,Ohio,Clermont,39.2125,-84.299444
Middle Bass,OH,Ohio,Ottawa,41.678889,-82.812222
Middle Point,OH,Ohio,Van Wert,40.873147,-84.417495
Middlebranch,OH,Ohio,Stark,40.89,-81.328889
Middleburg,OH,Ohio,Logan,40.2925,-83.5825
Middlefield,OH,Ohio,Geauga,41.445547,-81.037338
Middleport,OH,Ohio,Meigs,38.999312,-82.060012
Middletown,OH,Ohio,Butler,39.532121,-84.389601
Midland,OH,Ohio,Clinton,39.29169,-83.893131
Midvale,OH,Ohio,Tuscarawas,40.437778,-81.373333
Milan,OH,Ohio,Erie,41.311065,-82.612565
Milford,OH,Ohio,Clermont,39.179987,-84.243814
Milford Center,OH,Ohio,Union,40.181666,-83.437333
Millbury,OH,Ohio,Wood,41.56106,-83.438083
Milledgeville,OH,Ohio,Fayette,39.592778,-83.5875
Miller City,OH,Ohio,Putnam,41.102778,-84.131389
Millersburg,OH,Ohio,Holmes,40.556683,-81.832383
Millersport,OH,Ohio,Fairfield,39.899307,-82.528348
Millfield,OH,Ohio,Athens,39.407711,-82.111328
Milton Center,OH,Ohio,Wood,41.3025,-83.828889
Mineral City,OH,Ohio,Tuscarawas,40.625686,-81.354561
Mineral Ridge,OH,Ohio,Trumbull,41.131843,-80.755293
Minerva,OH,Ohio,Stark,40.742049,-81.103076
Minford,OH,Ohio,Scioto,38.875087,-82.855538
Mingo,OH,Ohio,Champaign,40.208056,-83.638333
Mingo Junction,OH,Ohio,Jefferson,40.320256,-80.625021
Minster,OH,Ohio,Auglaize,40.390983,-84.372895
Mogadore,OH,Ohio,Portage,41.038196,-81.358963
Monclova,OH,Ohio,Lucas,41.568416,-83.775718
Monroe,OH,Ohio,Butler,39.441285,-84.365196
Monroeville,OH,Ohio,Huron,41.218074,-82.70233
Montezuma,OH,Ohio,Mercer,40.488889,-84.548611
Montpelier,OH,Ohio,Williams,41.59821,-84.614703
Montville,OH,Ohio,Geauga,41.603446,-81.057036
Morral,OH,Ohio,Marion,40.695366,-83.204606
Morristown,OH,Ohio,Belmont,40.063056,-81.074444
Morrow,OH,Ohio,Warren,39.347619,-84.118085
Moscow,OH,Ohio,Clermont,38.858255,-84.195824
Mount Blanchard,OH,Ohio,Hancock,40.892929,-83.555286
Mount Cory,OH,Ohio,Hancock,40.943717,-83.809285
Mount Eaton,OH,Ohio,Wayne,40.694444,-81.703333
Mount Gilead,OH,Ohio,Morrow,40.538371,-82.806235
Mount Hope,OH,Ohio,Holmes,40.623889,-81.784722
Mount Liberty,OH,Ohio,Knox,40.346667,-82.630278
Mount Orab,OH,Ohio,Brown,39.045368,-83.948027
Mount Perry,OH,Ohio,Perry,39.878798,-82.188039
Mount Pleasant,OH,Ohio,Jefferson,40.175278,-80.798056
Mount Saint Joseph,OH,Ohio,Hamilton,39.098333,-84.648333
Mount Sterling,OH,Ohio,Madison,39.717506,-83.280618
Mount Vernon,OH,Ohio,Knox,40.384937,-82.487286
Mount Victory,OH,Ohio,Hardin,40.52321,-83.494165
Mowrystown,OH,Ohio,Highland,39.038333,-83.748611
Moxahala,OH,Ohio,Perry,39.6625,-82.136389
Munroe Falls,OH,Ohio,Summit,41.14202,-81.437565
Murray City,OH,Ohio,Hocking,39.511389,-82.163611
Nankin,OH,Ohio,Ashland,40.921389,-82.281944
Napoleon,OH,Ohio,Henry,41.390969,-84.143271
Nashport,OH,Ohio,Muskingum,40.038588,-82.09976
Nashville,OH,Ohio,Holmes,40.596111,-82.112222
Navarre,OH,Ohio,Stark,40.720405,-81.533824
Neapolis,OH,Ohio,Lucas,41.492778,-83.873333
Neffs,OH,Ohio,Belmont,40.027222,-80.815278
Negley,OH,Ohio,Columbiana,40.774601,-80.564497
Nelsonville,OH,Ohio,Athens,39.455635,-82.230883
Nevada,OH,Ohio,Wyandot,40.825946,-83.126567
Neville,OH,Ohio,Clermont,38.81,-84.212222
New Albany,OH,Ohio,Franklin,40.084686,-82.798793
New Athens,OH,Ohio,Harrison,40.184722,-80.995833
New Bavaria,OH,Ohio,Henry,41.208649,-84.191336
New Bloomington,OH,Ohio,Marion,40.607301,-83.322351
New Bremen,OH,Ohio,Auglaize,40.438917,-84.3821
New Carlisle,OH,Ohio,Clark,39.930025,-84.021704
New Concord,OH,Ohio,Muskingum,40.008798,-81.738727
New Hampshire,OH,Ohio,Auglaize,40.556111,-83.952778
New Haven,OH,Ohio,Huron,41.031667,-82.681667
New Holland,OH,Ohio,Pickaway,39.558897,-83.250429
New Knoxville,OH,Ohio,Auglaize,40.50386,-84.311797
New Lebanon,OH,Ohio,Montgomery,39.739798,-84.395591
New Lexington,OH,Ohio,Perry,39.717438,-82.201884
New London,OH,Ohio,Huron,41.090575,-82.396588
New Madison,OH,Ohio,Darke,39.968711,-84.722211
New Marshfield,OH,Ohio,Athens,39.338295,-82.222513
New Matamoras,OH,Ohio,Washington,39.528819,-81.093998
New Middletown,OH,Ohio,Mahoning,40.964607,-80.553415
New Paris,OH,Ohio,Preble,39.861718,-84.779337
New Philadelphia,OH,Ohio,Tuscarawas,40.484539,-81.435827
New Plymouth,OH,Ohio,Vinton,39.388421,-82.389172
New Richmond,OH,Ohio,Clermont,38.953663,-84.237903
New Riegel,OH,Ohio,Seneca,41.036058,-83.241807
New Rumley,OH,Ohio,Harrison,40.401667,-81.031111
New Springfield,OH,Ohio,Mahoning,40.926517,-80.585585
New Straitsville,OH,Ohio,Perry,39.586872,-82.248804
New Vienna,OH,Ohio,Clinton,39.332058,-83.688171
New Washington,OH,Ohio,Crawford,40.957076,-82.850359
New Waterford,OH,Ohio,Columbiana,40.848941,-80.620855
New Weston,OH,Ohio,Darke,40.334923,-84.630792
Newark,OH,Ohio,Licking,40.072429,-82.404565
Newbury,OH,Ohio,Geauga,41.475022,-81.23452
Newcomerstown,OH,Ohio,Tuscarawas,40.273895,-81.593969
Newport,OH,Ohio,Washington,39.39711,-81.240175
Newton Falls,OH,Ohio,Trumbull,41.191047,-80.970135
Newtonsville,OH,Ohio,Clermont,39.181944,-84.086389
Ney,OH,Ohio,Defiance,41.378083,-84.526921
Niles,OH,Ohio,Trumbull,41.182414,-80.755775
North Baltimore,OH,Ohio,Wood,41.186703,-83.680581
North Bend,OH,Ohio,Hamilton,39.153605,-84.727261
North Benton,OH,Ohio,Portage,40.987579,-81.016168
North Bloomfield,OH,Ohio,Trumbull,41.456887,-80.806835
North Canton,OH,Ohio,Stark,40.889919,-81.413464
North Fairfield,OH,Ohio,Huron,41.102987,-82.599801
North Georgetown,OH,Ohio,Columbiana,40.843056,-80.986111
North Hampton,OH,Ohio,Clark,39.99,-83.94
North Jackson,OH,Ohio,Mahoning,41.088044,-80.86225
North Kingsville,OH,Ohio,Ashtabula,41.905833,-80.690556
North Lawrence,OH,Ohio,Stark,40.838652,-81.629946
North Lewisburg,OH,Ohio,Champaign,40.222871,-83.561476
North Lima,OH,Ohio,Mahoning,40.964866,-80.654911
North Olmsted,OH,Ohio,Cuyahoga,41.420129,-81.913056
North Ridgeville,OH,Ohio,Lorain,41.396432,-82.003323
North Robinson,OH,Ohio,Crawford,40.7925,-82.857222
North Royalton,OH,Ohio,Cuyahoga,41.323164,-81.745657
North Star,OH,Ohio,Darke,40.324722,-84.570556
Northfield,OH,Ohio,Summit,41.320821,-81.542943
Northwood,OH,Ohio,Wood,41.607986,-83.48056
Norwalk,OH,Ohio,Huron,41.240314,-82.60785
Norwich,OH,Ohio,Muskingum,39.993438,-81.802425
Nova,OH,Ohio,Ashland,41.028215,-82.338439
Novelty,OH,Ohio,Geauga,41.476288,-81.334228
Oak Harbor,OH,Ohio,Ottawa,41.523556,-83.127764
Oak Hill,OH,Ohio,Jackson,38.891559,-82.588343
Oakwood,OH,Ohio,Paulding,41.090788,-84.396923
Oberlin,OH,Ohio,Lorain,41.28987,-82.222863
Oceola,OH,Ohio,Crawford,40.844722,-83.093889
Ohio City,OH,Ohio,Van Wert,40.785428,-84.673063
Okeana,OH,Ohio,Butler,39.353732,-84.776149
Okolona,OH,Ohio,Henry,41.392222,-84.125278
Old Fort,OH,Ohio,Seneca,41.24,-83.15
Old Washington,OH,Ohio,Guernsey,40.038611,-81.444722
Olmsted Falls,OH,Ohio,Cuyahoga,41.373351,-81.915769
Ontario,OH,Ohio,Richland,40.759444,-82.590278
Orangeville,OH,Ohio,Trumbull,41.339167,-80.519167
Oregon,OH,Ohio,Lucas,41.641842,-83.471366
Oregonia,OH,Ohio,Warren,39.414479,-84.051136
Orient,OH,Ohio,Pickaway,39.795386,-83.154317
Orrville,OH,Ohio,Wayne,40.845836,-81.774109
Orwell,OH,Ohio,Ashtabula,41.533456,-80.839671
Osgood,OH,Ohio,Darke,40.339722,-84.495278
Ostrander,OH,Ohio,Delaware,40.273971,-83.197813
Ottawa,OH,Ohio,Putnam,41.029747,-84.047293
Ottoville,OH,Ohio,Putnam,40.937218,-84.347392
Otway,OH,Ohio,Scioto,38.85203,-83.222172
Overpeck,OH,Ohio,Butler,39.450833,-84.514444
Owensville,OH,Ohio,Clermont,39.1225,-84.135833
Oxford,OH,Ohio,Butler,39.503838,-84.738518
Painesville,OH,Ohio,Lake,41.714014,-81.243665
Palestine,OH,Ohio,Darke,40.049444,-84.743333
Pandora,OH,Ohio,Putnam,40.95087,-83.952073
Paris,OH,Ohio,Stark,40.801413,-81.15399
Parkman,OH,Ohio,Geauga,41.370556,-81.065278
Pataskala,OH,Ohio,Licking,40.000925,-82.668656
Patriot,OH,Ohio,Gallia,38.77702,-82.427491
Paulding,OH,Ohio,Paulding,41.141016,-84.572227
Payne,OH,Ohio,Paulding,41.08069,-84.734127
Pedro,OH,Ohio,Lawrence,38.650323,-82.647722
Peebles,OH,Ohio,Adams,38.986885,-83.368698
Pemberton,OH,Ohio,Shelby,40.294722,-84.0325
Pemberville,OH,Ohio,Wood,41.402258,-83.473642
Peninsula,OH,Ohio,Summit,41.225579,-81.540013
Perry,OH,Ohio,Lake,41.767916,-81.143312
Perrysburg,OH,Ohio,Wood,41.542926,-83.592727
Perrysville,OH,Ohio,Ashland,40.660626,-82.321307
Petersburg,OH,Ohio,Mahoning,40.904861,-80.540031
Pettisville,OH,Ohio,Fulton,41.530556,-84.229722
Phillipsburg,OH,Ohio,Montgomery,39.904444,-84.401667
Philo,OH,Ohio,Muskingum,39.845773,-81.917479
Pickerington,OH,Ohio,Fairfield,39.906062,-82.756267
Piedmont,OH,Ohio,Belmont,40.150716,-81.214494
Pierpont,OH,Ohio,Ashtabula,41.767661,-80.574114
Piketon,OH,Ohio,Pike,39.040196,-83.076742
Piney Fork,OH,Ohio,Jefferson,40.207778,-80.760556
Pioneer,OH,Ohio,Williams,41.665619,-84.536324
Piqua,OH,Ohio,Miami,40.148621,-84.253053
Pitsburg,OH,Ohio,Darke,39.9875,-84.4875
Plain City,OH,Ohio,Madison,40.097356,-83.269049
Plainfield,OH,Ohio,Coshocton,40.209444,-81.719722
Pleasant City,OH,Ohio,Guernsey,39.909514,-81.55797
Pleasant Hill,OH,Ohio,Miami,40.053136,-84.343634
Pleasant Plain,OH,Ohio,Warren,39.288382,-84.096736
Pleasantville,OH,Ohio,Fairfield,39.822684,-82.504268
Plymouth,OH,Ohio,Huron,41.00031,-82.663492
Polk,OH,Ohio,Ashland,40.934293,-82.212587
Pomeroy,OH,Ohio,Meigs,39.060729,-82.033145
Port Clinton,OH,Ohio,Ottawa,41.521535,-82.909368
Port Jefferson,OH,Ohio,Shelby,40.328611,-84.094444
Port Washington,OH,Ohio,Tuscarawas,40.340359,-81.521518
Port William,OH,Ohio,Clinton,39.551944,-83.786389
Portage,OH,Ohio,Wood,41.312702,-83.614299
Portland,OH,Ohio,Meigs,38.999919,-81.813548
Portsmouth,OH,Ohio,Scioto,38.757252,-82.94864
Potsdam,OH,Ohio,Miami,39.963333,-84.4175
Powell,OH,Ohio,Delaware,40.152652,-83.074921
Powhatan Point,OH,Ohio,Belmont,39.867935,-80.8168
Proctorville,OH,Ohio,Lawrence,38.463461,-82.352294
Prospect,OH,Ohio,Marion,40.472659,-83.176295
Put In Bay,OH,Ohio,Ottawa,41.651356,-82.822593
Quaker City,OH,Ohio,Guernsey,39.986576,-81.289883
Quincy,OH,Ohio,Logan,40.287606,-83.974411
Racine,OH,Ohio,Meigs,38.978551,-81.925759
Radnor,OH,Ohio,Delaware,40.391779,-83.178074
Randolph,OH,Ohio,Portage,41.032778,-81.248611
Rarden,OH,Ohio,Scioto,38.943388,-83.237337
Ravenna,OH,Ohio,Portage,41.164886,-81.233656
Rawson,OH,Ohio,Hancock,41.000135,-83.806951
Ray,OH,Ohio,Vinton,39.207678,-82.690801
Rayland,OH,Ohio,Jefferson,40.208274,-80.712534
Raymond,OH,Ohio,Union,40.247321,-83.364927
Reedsville,OH,Ohio,Meigs,39.149002,-81.792433
Reesville,OH,Ohio,Clinton,39.482222,-83.676944
Reno,OH,Ohio,Washington,39.378408,-81.38043
Republic,OH,Ohio,Seneca,41.125876,-83.019407
Reynoldsburg,OH,Ohio,Franklin,39.955145,-82.803454
Richfield,OH,Ohio,Summit,41.23712,-81.646668
Richmond,OH,Ohio,Jefferson,40.426061,-80.76128
Richmond Dale,OH,Ohio,Ross,39.203922,-82.814913
Richwood,OH,Ohio,Union,40.43698,-83.313639
Ridgeville Corners,OH,Ohio,Henry,41.437778,-84.2575
Ridgeway,OH,Ohio,Hardin,40.520923,-83.570161
Rio Grande,OH,Ohio,Gallia,38.879444,-82.380556
Ripley,OH,Ohio,Brown,38.755095,-83.822677
Risingsun,OH,Ohio,Wood,41.270639,-83.43259
Rittman,OH,Ohio,Wayne,40.968381,-81.782599
Robertsville,OH,Ohio,Stark,40.763056,-81.189722
Rock Camp,OH,Ohio,Lawrence,38.522145,-82.563832
Rock Creek,OH,Ohio,Ashtabula,41.6651,-80.885134
Rockbridge,OH,Ohio,Hocking,39.550907,-82.562572
Rockford,OH,Ohio,Mercer,40.677077,-84.664174
Rocky Ridge,OH,Ohio,Ottawa,41.533333,-83.2125
Rocky River,OH,Ohio,Cuyahoga,41.469401,-81.851246
Rogers,OH,Ohio,Columbiana,40.778943,-80.620237
Rome,OH,Ohio,Ashtabula,41.602629,-80.832075
Rootstown,OH,Ohio,Portage,41.099534,-81.202642
Roseville,OH,Ohio,Muskingum,39.818656,-82.079212
Rosewood,OH,Ohio,Champaign,40.218889,-83.960833
Ross,OH,Ohio,Butler,39.312222,-84.650556
Rossburg,OH,Ohio,Darke,40.29465,-84.626419
Rossford,OH,Ohio,Wood,41.604908,-83.563793
Roundhead,OH,Ohio,Hardin,40.580337,-83.848502
Rudolph,OH,Ohio,Wood,41.296734,-83.683212
Rushsylvania,OH,Ohio,Logan,40.465808,-83.659789
Rushville,OH,Ohio,Fairfield,39.767375,-82.427981
Russells Point,OH,Ohio,Logan,40.474956,-83.879825
Russellville,OH,Ohio,Brown,38.851128,-83.762459
Russia,OH,Ohio,Shelby,40.234065,-84.412255
Rutland,OH,Ohio,Meigs,39.045653,-82.121914
Sabina,OH,Ohio,Clinton,39.490022,-83.650252
Saint Clairsville,OH,Ohio,Belmont,40.083439,-80.902285
Saint Henry,OH,Ohio,Mercer,40.409138,-84.633338
Saint Johns,OH,Ohio,Auglaize,40.555833,-84.083611
Saint Louisville,OH,Ohio,Licking,40.181776,-82.356015
Saint Marys,OH,Ohio,Auglaize,40.543988,-84.394399
Saint Paris,OH,Ohio,Champaign,40.105755,-83.963062
Salem,OH,Ohio,Columbiana,40.900024,-80.861883
Salesville,OH,Ohio,Guernsey,40.008146,-81.372793
Salineville,OH,Ohio,Columbiana,40.619525,-80.834977
Sandusky,OH,Ohio,Erie,41.434878,-82.70633
Sandyville,OH,Ohio,Tuscarawas,40.640278,-81.3725
Sarahsville,OH,Ohio,Noble,39.793846,-81.467825
Sardinia,OH,Ohio,Brown,38.983232,-83.796649
Sardis,OH,Ohio,Monroe,39.652639,-80.924308
Savannah,OH,Ohio,Ashland,40.945382,-82.344272
Scio,OH,Ohio,Harrison,40.40116,-81.101577
Scioto Furnace,OH,Ohio,Scioto,38.798611,-82.765
Scott,OH,Ohio,Van Wert,40.989238,-84.584455
Scottown,OH,Ohio,Lawrence,38.594034,-82.396685
Seaman,OH,Ohio,Adams,38.962072,-83.593625
Sebring,OH,Ohio,Mahoning,40.922694,-81.023191
Sedalia,OH,Ohio,Madison,39.7325,-83.475278
Senecaville,OH,Ohio,Guernsey,39.933719,-81.458043
Seven Mile,OH,Ohio,Butler,39.48,-84.551944
Seville,OH,Ohio,Medina,41.022731,-81.856199
Shade,OH,Ohio,Athens,39.212862,-82.021755
Shadyside,OH,Ohio,Belmont,39.967497,-80.764309
Shandon,OH,Ohio,Butler,39.326389,-84.714722
Sharon Center,OH,Ohio,Medina,41.099722,-81.735833
Sharpsburg,OH,Ohio,Athens,39.435833,-81.911667
Shauck,OH,Ohio,Morrow,40.620833,-82.661944
Shawnee,OH,Ohio,Perry,39.610984,-82.208459
Sheffield Lake,OH,Ohio,Lorain,41.482276,-82.096497
Shelby,OH,Ohio,Richland,40.878432,-82.654949
Sherrodsville,OH,Ohio,Carroll,40.518418,-81.233945
Sherwood,OH,Ohio,Defiance,41.294593,-84.541674
Shiloh,OH,Ohio,Richland,40.934015,-82.522155
Shreve,OH,Ohio,Wayne,40.692584,-82.032451
Sidney,OH,Ohio,Shelby,40.287357,-84.162223
Sinking Spring,OH,Ohio,Highland,39.072778,-83.386944
Smithfield,OH,Ohio,Jefferson,40.270833,-80.781667
Smithville,OH,Ohio,Wayne,40.859228,-81.863328
Solon,OH,Ohio,Cuyahoga,41.386597,-81.442082
Somerdale,OH,Ohio,Tuscarawas,40.566389,-81.360833
Somerset,OH,Ohio,Perry,39.793615,-82.29911
Somerville,OH,Ohio,Butler,39.555366,-84.621911
South Bloomingville,OH,Ohio,Hocking,39.374145,-82.639404
South Charleston,OH,Ohio,Clark,39.846939,-83.660787
South Lebanon,OH,Ohio,Warren,39.371451,-84.210783
South Point,OH,Ohio,Lawrence,38.433856,-82.552883
South Salem,OH,Ohio,Ross,39.302137,-83.271953
South Solon,OH,Ohio,Madison,39.742295,-83.596984
South Vienna,OH,Ohio,Clark,39.94732,-83.615704
South Webster,OH,Ohio,Scioto,38.819967,-82.720151
Southington,OH,Ohio,Trumbull,41.298312,-80.948474
Sparta,OH,Ohio,Morrow,40.373492,-82.697034
Spencer,OH,Ohio,Medina,41.098287,-82.099907
Spencerville,OH,Ohio,Allen,40.703767,-84.34125
Spring Valley,OH,Ohio,Greene,39.602761,-84.101583
Springboro,OH,Ohio,Warren,39.562975,-84.228774
Springfield,OH,Ohio,Clark,39.924167,-83.808889
Stafford,OH,Ohio,Monroe,39.713333,-81.276389
Sterling,OH,Ohio,Wayne,40.953263,-81.851914
Steubenville,OH,Ohio,Jefferson,40.370638,-80.66115
Stewart,OH,Ohio,Athens,39.32133,-81.892884
Stillwater,OH,Ohio,Tuscarawas,40.323333,-81.308611
Stockdale,OH,Ohio,Pike,38.956389,-82.858333
Stockport,OH,Ohio,Morgan,39.561434,-81.825251
Stone Creek,OH,Ohio,Tuscarawas,40.405188,-81.589018
Stony Ridge,OH,Ohio,Wood,41.510278,-83.507222
Stout,OH,Ohio,Adams,38.654588,-83.208984
Stoutsville,OH,Ohio,Fairfield,39.60672,-82.819279
Stow,OH,Ohio,Summit,41.174808,-81.438017
Strasburg,OH,Ohio,Tuscarawas,40.60028,-81.536646
Stratton,OH,Ohio,Jefferson,40.521667,-80.626389
Streetsboro,OH,Ohio,Portage,41.249099,-81.338298
Strongsville,OH,Ohio,Cuyahoga,41.313218,-81.828457
Struthers,OH,Ohio,Mahoning,41.050847,-80.598487
Stryker,OH,Ohio,Williams,41.486123,-84.408914
Sugar Grove,OH,Ohio,Fairfield,39.627699,-82.532113
Sugarcreek,OH,Ohio,Tuscarawas,40.514785,-81.660356
Sullivan,OH,Ohio,Ashland,41.036818,-82.217217
Sulphur Springs,OH,Ohio,Crawford,40.870833,-82.877222
Summerfield,OH,Ohio,Noble,39.803597,-81.331993
Summit Station,OH,Ohio,Licking,39.996944,-82.752222
Summitville,OH,Ohio,Columbiana,40.678056,-80.886389
Sunbury,OH,Ohio,Delaware,40.265499,-82.851051
Swanton,OH,Ohio,Fulton,41.594497,-83.871821
Sycamore,OH,Ohio,Wyandot,40.941299,-83.149176
Sycamore Valley,OH,Ohio,Monroe,39.666389,-81.243611
Sylvania,OH,Ohio,Lucas,41.707985,-83.706825
Syracuse,OH,Ohio,Meigs,38.9975,-81.974167
Tallmadge,OH,Ohio,Summit,41.097492,-81.425966
Tarlton,OH,Ohio,Pickaway,39.555833,-82.776111
Terrace Park,OH,Ohio,Hamilton,39.160155,-84.309762
The Plains,OH,Ohio,Athens,39.366177,-82.134148
Thompson,OH,Ohio,Geauga,41.676189,-81.057318
Thornville,OH,Ohio,Perry,39.897364,-82.407059
Thurman,OH,Ohio,Gallia,38.898786,-82.404996
Thurston,OH,Ohio,Fairfield,39.840278,-82.546111
Tiffin,OH,Ohio,Seneca,41.123822,-83.184356
Tiltonsville,OH,Ohio,Jefferson,40.168075,-80.699647
Tipp City,OH,Ohio,Miami,39.943577,-84.171501
Tippecanoe,OH,Ohio,Harrison,40.279748,-81.291937
Tiro,OH,Ohio,Crawford,40.880992,-82.797032
Toledo,OH,Ohio,Lucas,41.642,-83.5438
Toledo,OH,Ohio,Wood,41.642,-83.5438
Tontogany,OH,Ohio,Wood,41.419167,-83.740833
Toronto,OH,Ohio,Jefferson,40.473298,-80.632504
Tremont City,OH,Ohio,Clark,40.011111,-83.836111
Trenton,OH,Ohio,Butler,39.479937,-84.459769
Trimble,OH,Ohio,Athens,39.484722,-82.079167
Trinway,OH,Ohio,Muskingum,40.141111,-82.01
Troy,OH,Ohio,Miami,40.037394,-84.203151
Tuppers Plains,OH,Ohio,Meigs,39.168611,-81.846667
Tuscarawas,OH,Ohio,Tuscarawas,40.394722,-81.407222
Twinsburg,OH,Ohio,Summit,41.328851,-81.455912
Uhrichsville,OH,Ohio,Tuscarawas,40.390502,-81.337365
Union City,OH,Ohio,Darke,40.201773,-84.783209
Union Furnace,OH,Ohio,Hocking,39.461667,-82.356389
Uniontown,OH,Ohio,Stark,40.963694,-81.421108
Unionville,OH,Ohio,Ashtabula,41.780833,-80.989167
Unionville Center,OH,Ohio,Union,40.138333,-83.34
Uniopolis,OH,Ohio,Auglaize,40.602222,-84.086667
Upper Sandusky,OH,Ohio,Wyandot,40.824876,-83.297711
Urbana,OH,Ohio,Champaign,40.106639,-83.767142
Utica,OH,Ohio,Licking,40.244137,-82.413459
Valley City,OH,Ohio,Medina,41.236806,-81.924467
Van Buren,OH,Ohio,Hancock,41.132691,-83.647302
Van Wert,OH,Ohio,Van Wert,40.868927,-84.590364
Vandalia,OH,Ohio,Montgomery,39.888273,-84.202266
Vanlue,OH,Ohio,Hancock,40.958314,-83.497062
Vaughnsville,OH,Ohio,Putnam,40.881667,-84.150556
Venedocia,OH,Ohio,Van Wert,40.768454,-84.46204
Vermilion,OH,Ohio,Erie,41.409989,-82.355417
Verona,OH,Ohio,Preble,39.903333,-84.485556
Versailles,OH,Ohio,Darke,40.227284,-84.495697
Vickery,OH,Ohio,Sandusky,41.39099,-82.898953
Vienna,OH,Ohio,Trumbull,41.217478,-80.654998
Vincent,OH,Ohio,Washington,39.337446,-81.674265
Vinton,OH,Ohio,Gallia,38.978338,-82.357014
Wadsworth,OH,Ohio,Medina,41.038375,-81.737373
Wakefield,OH,Ohio,Pike,38.970278,-83.02
Wakeman,OH,Ohio,Huron,41.263748,-82.378168
Walbridge,OH,Ohio,Wood,41.586067,-83.493008
Waldo,OH,Ohio,Marion,40.460544,-83.070609
Walhonding,OH,Ohio,Coshocton,40.362037,-82.209359
Walnut Creek,OH,Ohio,Holmes,40.541389,-81.721944
Wapakoneta,OH,Ohio,Auglaize,40.568978,-84.177378
Warnock,OH,Ohio,Belmont,40.0225,-80.9375
Warren,OH,Ohio,Trumbull,41.172426,-80.871806
Warsaw,OH,Ohio,Coshocton,40.317243,-82.055989
Washington Court House,OH,Ohio,Fayette,39.534346,-83.438817
Washingtonville,OH,Ohio,Columbiana,40.897331,-80.763137
Waterford,OH,Ohio,Washington,39.515904,-81.655917
Waterloo,OH,Ohio,Lawrence,38.718152,-82.517399
Watertown,OH,Ohio,Washington,39.465833,-81.633333
Waterville,OH,Ohio,Lucas,41.502248,-83.733142
Wauseon,OH,Ohio,Fulton,41.566796,-84.153745
Waverly,OH,Ohio,Pike,39.126445,-83.004874
Wayland,OH,Ohio,Portage,41.160556,-81.071389
Wayne,OH,Ohio,Wood,41.299312,-83.470065
Waynesburg,OH,Ohio,Stark,40.682881,-81.265891
Waynesfield,OH,Ohio,Auglaize,40.607185,-83.958475
Waynesville,OH,Ohio,Warren,39.528489,-84.081518
Wellington,OH,Ohio,Lorain,41.171178,-82.226915
Wellston,OH,Ohio,Jackson,39.118897,-82.548474
Wellsville,OH,Ohio,Columbiana,40.617099,-80.662095
West Alexandria,OH,Ohio,Preble,39.725898,-84.535214
West Chester,OH,Ohio,Butler,39.340243,-84.399786
West Elkton,OH,Ohio,Preble,39.587778,-84.554444
West Farmington,OH,Ohio,Trumbull,41.350849,-80.967245
West Jefferson,OH,Ohio,Madison,39.942409,-83.285306
West Lafayette,OH,Ohio,Coshocton,40.271829,-81.736102
West Liberty,OH,Ohio,Logan,40.262541,-83.752763
West Manchester,OH,Ohio,Preble,39.902564,-84.619383
West Mansfield,OH,Ohio,Logan,40.404284,-83.524274
West Millgrove,OH,Ohio,Wood,41.243889,-83.491389
West Milton,OH,Ohio,Miami,39.953077,-84.324237
West Point,OH,Ohio,Columbiana,40.708333,-80.7025
West Portsmouth,OH,Ohio,Scioto,38.749222,-83.047657
West Rushville,OH,Ohio,Fairfield,39.763889,-82.4475
West Salem,OH,Ohio,Wayne,40.948514,-82.106638
West Union,OH,Ohio,Adams,38.801702,-83.533349
West Unity,OH,Ohio,Williams,41.575645,-84.442066
Westerville,OH,Ohio,Delaware,40.1545,-82.9097
Westerville,OH,Ohio,Franklin,40.114569,-82.910504
Westfield Center,OH,Ohio,Medina,41.026389,-81.933333
Westlake,OH,Ohio,Cuyahoga,41.453459,-81.921771
Weston,OH,Ohio,Wood,41.351593,-83.797336
Westville,OH,Ohio,Champaign,40.109444,-83.838056
Wharton,OH,Ohio,Wyandot,40.861216,-83.463016
Wheelersburg,OH,Ohio,Scioto,38.741793,-82.820434
Whipple,OH,Ohio,Washington,39.480975,-81.363639
White Cottage,OH,Ohio,Muskingum,39.871667,-82.097778
Whitehouse,OH,Ohio,Lucas,41.519432,-83.81151
Wickliffe,OH,Ohio,Lake,41.604565,-81.469175
Wilberforce,OH,Ohio,Greene,39.716111,-83.877778
Wilkesville,OH,Ohio,Vinton,39.140833,-82.376944
Willard,OH,Ohio,Huron,41.053056,-82.726389
Williamsburg,OH,Ohio,Clermont,39.075345,-84.043167
Williamsfield,OH,Ohio,Ashtabula,41.538296,-80.596378
Williamsport,OH,Ohio,Pickaway,39.611739,-83.125053
Williamstown,OH,Ohio,Hancock,40.833889,-83.650833
Williston,OH,Ohio,Ottawa,41.603611,-83.34
Willoughby,OH,Ohio,Lake,41.630229,-81.407619
Willow Wood,OH,Ohio,Lawrence,38.593976,-82.453
Willshire,OH,Ohio,Van Wert,40.734618,-84.77773
Wilmington,OH,Ohio,Clinton,39.448788,-83.841653
Wilmot,OH,Ohio,Stark,40.656723,-81.635247
Winchester,OH,Ohio,Adams,38.935283,-83.666137
Windham,OH,Ohio,Portage,41.239244,-81.053451
Windsor,OH,Ohio,Ashtabula,41.56233,-80.966745
Winesburg,OH,Ohio,Holmes,40.616389,-81.695278
Wingett Run,OH,Ohio,Washington,39.542813,-81.283999
Winona,OH,Ohio,Columbiana,40.828056,-80.896389
Wolf Run,OH,Ohio,Jefferson,40.467222,-80.889444
Woodsfield,OH,Ohio,Monroe,39.753063,-81.10336
Woodstock,OH,Ohio,Champaign,40.181644,-83.546149
Woodville,OH,Ohio,Sandusky,41.451206,-83.364643
Wooster,OH,Ohio,Wayne,40.809354,-81.948272
Wren,OH,Ohio,Van Wert,40.800833,-84.775278
Xenia,OH,Ohio,Greene,39.684204,-83.936878
Yellow Springs,OH,Ohio,Greene,39.799569,-83.889066
Yorkshire,OH,Ohio,Darke,40.328328,-84.483587
Yorkville,OH,Ohio,Jefferson,40.158051,-80.707737
Youngstown,OH,Ohio,Mahoning,41.0986,-80.6474
Zaleski,OH,Ohio,Vinton,39.282222,-82.395
Zanesfield,OH,Ohio,Logan,40.302396,-83.664832
Zanesville,OH,Ohio,Muskingum,39.944265,-82.008898
Zoar,OH,Ohio,Tuscarawas,40.614167,-81.4225
