slug,name,street,city,state_region,latitude,longitude,phone,website,mass_count,confession_count,adoration_count,has_perpetual_adoration,source_url,last_scraped
us-al-adamsville-saint-patrick-24beac2b,St. Patrick,301 Shamrock Trail,Adamsville,Alabama,33.58092956,-86.9315538,(205) 798-5326,http://www.saintpatrickcc.com/,20,0,0,False,https://catholicindex.org/mass-times/adamsville-alabama,2026-02-21T10:57:20.542006+00:00
us-al-albertville-chapel-of-the-holy-cross-75f0cae6,Chapel of the Holy Cross,1534 Whitesville Rd,Albertville,Alabama,34.25181461,-86.21912714,(256) 891-0550,http://www.chapelholycross.com,12,0,0,False,https://catholicindex.org/mass-times/albertville-alabama,2026-02-21T10:57:29.514323+00:00
us-al-albertville-st-william-catholic-church-74540394,St William Catholic Church,1534 Whitesville Rd,Albertville,AL,34.2527443,-86.2190794,+1-256-891-0550,https://chapelholycross.com/,15,0,0,False,https://catholicindex.org/mass-times/albertville-alabama,2026-02-21T10:57:29.514323+00:00
us-al-alexander-city-st-john-the-apostle-f3964aa3,St. John the Apostle,454 N Central Ave,Alexander City,Alabama,32.9499435,-85.9562149,(256) 234-3631,http://www.facebook.com/St.JohnTheApostleCatholicChurch/,0,0,0,False,https://catholicindex.org/mass-times/alexander-city-alabama,2026-02-21T10:57:30.975183+00:00
us-al-andalusia-christ-the-king-2d30c9ba,Christ the King,508 Sanford Rd,Andalusia,Alabama,31.31090533,-86.45665268,(334) 222-4808,https://ctkandalusia.wixsite.com/christ-the-king-cath,5,0,0,False,https://catholicindex.org/mass-times/andalusia-alabama,2026-02-21T10:57:42.879027+00:00
us-al-anniston-all-saints-6fc5fc84,All Saints,1112 W 15th St,Anniston,Alabama,33.66341203,-85.84472538,(256) 237-9230,http://bhmdiocese.org/parishfinder,2,0,0,False,https://catholicindex.org/mass-times/anniston-alabama,2026-02-21T10:57:47.440125+00:00
us-al-anniston-sacred-heart-of-jesus-09f1bbb8,Sacred Heart of Jesus,1301 Golden Springs Rd,Anniston,Alabama,33.63090107,-85.78391075,(256) 237-3011,http://sacredheartanniston.org/,9,0,0,False,https://catholicindex.org/mass-times/anniston-alabama,2026-02-21T10:57:47.440125+00:00
us-al-ashland-saint-mark-feaf12fd,St. Mark,460 Country Club Rd,Ashland,Alabama,33.27551742,-85.7934643,(256) 354-3598,http://www.bhmdiocese.org/parishfinder,1,0,0,False,https://catholicindex.org/mass-times/alexander-city-alabama,2026-02-21T10:57:30.975183+00:00
us-al-athens-st-paul-d26395db,St. Paul,1900 US Hwy 72 W,Athens,Alabama,34.79115659,-86.99562347,256-232-4191,http://www.stpaulathens.org/,8,0,0,False,https://catholicindex.org/mass-times/athens-alabama,2026-02-21T10:58:01.026994+00:00
us-al-atmore-st-robert-bellarmine-f0618ea1,St. Robert Bellarmine,600 S Main St,Atmore,Alabama,31.01687937,-87.49410453,(251) 368-3615,http://strobertatmore.com/,6,0,0,False,https://catholicindex.org/mass-times/atmore-alabama,2026-02-21T10:58:02.403326+00:00
us-al-auburn-blessed-pier-giorgio-frassati-chapel-catholic-campus-ministry-3365d2ab,Blessed Pier Giorgio Frassati Chapel-Catholic Campus Ministry,342 N College St,Auburn,Alabama,32.61153738,-85.48134431,(334) 209-1711,http://aucatholic.org/,2,0,0,False,https://catholicindex.org/mass-times/auburn-alabama,2026-02-21T10:58:05.407764+00:00
us-al-auburn-st-michael-the-archangel-a95e9068,St. Michael,1100 N College St,Auburn,Alabama,32.6280701,-85.47984251,(334) 887-5540,http://stmichaelsauburn.com,17,0,0,False,https://catholicindex.org/mass-times/auburn-alabama,2026-02-21T10:58:05.407764+00:00
us-al-battles-wharf-sacred-heart-chapel-8531a2ac,Sacred Heart Chapel,18673 Scenic Hwy 98,Battles Wharf,Alabama,30.49707238,-87.92512157,(251) 928-5931,http://www.stlawrencefairhope.com,2,0,0,False,https://catholicindex.org/mass-times/bayou-la-batre-alabama,2026-02-21T10:58:17.444235+00:00
us-al-bay-minette-st-agatha-6a65e76f,St. Agatha,1001 Hand Ave,Bay Minette,Alabama,30.89169967,-87.77845124,(251) 937-8600,http://www.stagathabm.com,4,0,0,False,https://catholicindex.org/mass-times/atmore-alabama,2026-02-21T10:58:02.403326+00:00
us-al-bayou-la-batre-st-margaret-8ef1713e,St. Margaret,13790 S Wintzell Ave,Bayou La Batre,Alabama,30.4042319,-88.24811786,(251) 824-2415,http://stmargaretbayoulabatre.org,12,0,0,False,https://catholicindex.org/mass-times/bayou-la-batre-alabama,2026-02-21T10:58:17.444235+00:00
us-al-bessemer-st-aloysius-966c6887,St. Aloysius,751 Academy Dr,Bessemer,Alabama,33.36118136,-86.99763226,(205) 424-2984,http://www.staloysiuscc.org,9,0,0,False,https://catholicindex.org/mass-times/adamsville-alabama,2026-02-21T10:57:20.542006+00:00
us-al-bessemer-st-francis-of-assisi-2d26323a,St. Francis of Assisi,2400 7th Ave N,Bessemer,Alabama,33.41109278,-86.9539519,205-428-4758 ,http://www.facebook.com/p/St-Francis-of-Assisi-Catholic-Church-Bessemer-100064411613087/,0,0,0,False,https://catholicindex.org/mass-times/adamsville-alabama,2026-02-21T10:57:20.542006+00:00
us-al-birmingham-bew-white-chapel-at-childrens-hospital-a03846bb,Bew White Chapel at Children's Hospital ,1600 7th Ave S,Birmingham,Alabama,33.503925,-86.805635,(205) 638-9090,http://www.childrensal.org/sacred-spaces,0,0,0,False,https://catholicindex.org/mass-times/adamsville-alabama,2026-02-21T10:57:20.542006+00:00
us-al-birmingham-blessed-sacrament-3f2faedc,Blessed Sacrament,1460 Pearson Ave SW,Birmingham,Alabama,33.48884332,-86.85549897,(205) 785-9840,http://www.myblessedsacrament.org/,11,0,0,False,https://catholicindex.org/mass-times/adamsville-alabama,2026-02-21T10:57:20.542006+00:00
us-al-birmingham-holy-rosary-9296273e,Holy Rosary,7414 Georgia Rd,Birmingham,Alabama,33.541527,-86.72720697,(205) 595-0652,https://www.holyrosarybirmingham.com/,2,0,0,False,https://catholicindex.org/mass-times/adamsville-alabama,2026-02-21T10:57:20.542006+00:00
us-al-birmingham-our-lady-queen-of-the-universe-c177b5e2,Our Lady Queen of the Universe Church,961 Center St N,Birmingham,Alabama,33.51787048,-86.83573924,(205) 328-7729,http://www.facebook.com/ourladyqueenoftheuniversebirmingham/,0,0,0,False,https://catholicindex.org/mass-times/adamsville-alabama,2026-02-21T10:57:20.542006+00:00
us-al-birmingham-our-lady-of-fatima-8b11123d,Our Lady of Fatima,708 1st St S,Birmingham,Alabama,33.49228722,-86.82765257,(205) 322-1205,https://olfbirmingham.org/,7,0,0,False,https://catholicindex.org/mass-times/adamsville-alabama,2026-02-21T10:57:20.542006+00:00
us-al-birmingham-our-lady-of-lourdes-aa45f67f,Our Lady of Lourdes,980 Huffman Rd,Birmingham,Alabama,33.60412815,-86.68974764,(205) 836-2274,http://ollcbham.com/,7,0,0,False,https://catholicindex.org/mass-times/adamsville-alabama,2026-02-21T10:57:20.542006+00:00
us-al-birmingham-our-lady-of-sorrows-3b101770,Our Lady of Sorrows,1728 Oxmoor Rd,Birmingham,Alabama,33.47610092,-86.7952041,(205) 871-8121,http://www.ourladyofsorrows.com/,46,0,0,False,https://catholicindex.org/mass-times/adamsville-alabama,2026-02-21T10:57:20.542006+00:00
us-al-birmingham-our-lady-of-the-valley-a2c6eea9,Our Lady of the Valley,5514 Double Oak Ln,Birmingham,Alabama,33.3596428,-86.73374915,(205) 991-5488,http://www.olvchurchbirmingham.com/,13,0,0,False,https://catholicindex.org/mass-times/adamsville-alabama,2026-02-21T10:57:20.542006+00:00
us-al-birmingham-our-lady-of-la-vang-628a6ec9,Parish of Our Lady of La Vang,5224 1st Ave N,Birmingham,Alabama,33.53791136,-86.75790617,205-847-0870,https://dioceseofraleigh.org/news/our-lady-la-vang-raleighs-first-vietnamese-catholic-church,0,0,0,False,https://catholicindex.org/mass-times/adamsville-alabama,2026-02-21T10:57:20.542006+00:00
us-al-birmingham-church-of-the-sacred-heart-of-jesus-e9eeb4e3,Sacred Heart of Jesus,3401 27th Ct N,Birmingham,Alabama,33.5501875,-86.7980625,12052528909,https://www.bhmdiocese.org/parishfinder,2,0,0,False,https://catholicindex.org/mass-times/adamsville-alabama,2026-02-21T10:57:20.542006+00:00
us-al-birmingham-st-barnabas-b38704ad,St. Barnabas,7921 1st Ave N,Birmingham,Alabama,33.56554859,-86.72585768,(205) 833-0334,http://www.stbarnabasbhm.com,8,0,0,False,https://catholicindex.org/mass-times/adamsville-alabama,2026-02-21T10:57:20.542006+00:00
us-al-birmingham-saint-elias-maronite-34385029,St. Elias (Maronite),836 8th St S,Birmingham,Alabama,33.49560001,-86.81550289,(205) 251-5057,http://www.stelias.org/,5,0,0,False,https://catholicindex.org/mass-times/adamsville-alabama,2026-02-21T10:57:20.542006+00:00
us-al-birmingham-st-francis-xavier-7aaf6d64,St. Francis Xavier,2 Xavier Cir,Birmingham,Alabama,33.51643952,-86.7423146,(205) 871-1153,http://www.sfxbirmingham.com/,7,0,0,False,https://catholicindex.org/mass-times/adamsville-alabama,2026-02-21T10:57:20.542006+00:00
us-al-birmingham-st-george-the-great-martyr-melkite-8f384651,St. George the Great Martyr (Melkite),425 16th Ave S,Birmingham,Alabama,33.491557,-86.818336,(205) 252-5788,http://www.saintgeorgeonline.org/,2,0,0,False,https://catholicindex.org/mass-times/adamsville-alabama,2026-02-21T10:57:20.542006+00:00
us-al-birmingham-st-joseph-fe641983,St. Joseph,3020 Ave K Ensley,Birmingham,Alabama,33.50034834,-86.89830753,(205) 788-5721,http://www.bhmdiocese.org/parishfinder,4,0,0,False,https://catholicindex.org/mass-times/adamsville-alabama,2026-02-21T10:57:20.542006+00:00
us-al-birmingham-st-luke-hwang-9ddb410c,St. Luke Hwang,759 Valley St,Birmingham,Alabama,33.41897755,-86.84734122,(205) 881-7890 or (205) 823-2301,http://ch.catholic.or.kr/birmingham/index.htm,2,0,0,False,https://catholicindex.org/mass-times/adamsville-alabama,2026-02-21T10:57:20.542006+00:00
us-al-birmingham-st-mark-the-evangelist-0bf66b85,St. Mark the Evangelist,7340 Cahaba Valley Rd,Birmingham,Alabama,33.43571314,-86.6650288,(205) 980-1810,http://stmarkrc.org/,16,0,0,False,https://catholicindex.org/mass-times/adamsville-alabama,2026-02-21T10:57:20.542006+00:00
us-al-birmingham-st-stanislaus-e5030841,St. Stanislaus,904 Indiana St (Wylam),Birmingham,Alabama,33.50316992,-86.92229727,(205) 785-9625,http://www.bhmdiocese.org/parishfinder,3,0,0,False,https://catholicindex.org/mass-times/adamsville-alabama,2026-02-21T10:57:20.542006+00:00
us-al-birmingham-st-stephen-the-martyr-chapel-catholic-university-09a99cf7,St. Stephen the Martyr Chapel (Catholic University),1515 12th Ave S,Birmingham,Alabama,33.49598999,-86.80256664,$undefined,http://www.stsbhm.org,1,0,0,False,https://catholicindex.org/mass-times/adamsville-alabama,2026-02-21T10:57:20.542006+00:00
us-al-birmingham-the-cathedral-of-st-paul-1b34519e,The Cathedral of St. Paul,2120 3rd Ave N,Birmingham,Alabama,33.51772334,-86.80450174,(205) 251-1279,http://stpaulsbhm.org/,14,0,0,False,https://catholicindex.org/mass-times/adamsville-alabama,2026-02-21T10:57:20.542006+00:00
us-al-bon-secour-our-lady-of-bon-secour-chapel-c5685a11,Mission of Our Lady of Bon Secour,17266 Co Rd 49 S,Bon Secour,Alabama,30.31433162,-87.72977528,(251) 965-7719  ,http://stjohnms.com,0,0,0,False,https://catholicindex.org/mass-times/bon-secour-alabama,2026-02-21T10:58:43.557243+00:00
us-fl-bonifay-blessed-trinity-2fb7ffde,Blessed Trinity,2331 Hwy 177A,Bonifay,Florida,30.80308168,-85.69874099,(850) 745-8359,http://blessedtrinity.ptdiocese.org/,8,0,0,False,https://catholicindex.org/mass-times/geneva-alabama,2026-02-21T11:02:55.596578+00:00
us-fl-bonifay-blessed-trinity-catholic-church-3764ee06,Blessed Trinity Catholic Church,2331 Hwy 177A,Bonifay,FL,30.8031478,-85.6986635,+1-850-547-3735,https://www.facebook.com/pages/Blessed-Trinity-Catholic-Church/117599394967722,0,0,0,False,https://catholicindex.org/mass-times/geneva-alabama,2026-02-21T11:02:55.596578+00:00
us-al-brewton-st-maurice-27d08816,St. Maurice,202 E Jackson St,Brewton,Alabama,31.1205365,-87.06709705,(251) 867-5189,http://saintmauricebrewton.org,14,0,0,False,https://catholicindex.org/mass-times/brewton-alabama,2026-02-21T10:58:52.555891+00:00
us-al-bromley-st-john-the-evangelist-mission-1f6d2663,Mission of St. John,7488 Herman Sledge Rd,Bromley,Alabama,30.75091089,-87.89514753,(251) 621-9793 or (251) 895-4068 (Fr. Lito),http://shrineoftheholycross.org/stjohn,1,0,0,False,https://catholicindex.org/mass-times/bay-minette-alabama,2026-02-21T10:58:15.941220+00:00
us-al-butler-st-john-the-evangelist-815c90ce,St. John the Evangelist,401 E Pushmataha St,Butler,Alabama,32.09006946,-88.21691464,(251) 275-3665,http://sites.google.com/mobarch.org/sacredheartghorg,2,0,0,False,https://catholicindex.org/mass-times/butler-alabama,2026-02-21T10:59:13.522325+00:00
us-al-camden-st-joseph-mission-a228f9a7,Mission of St. Joseph,302 Whiskey Run Rd,Camden,Alabama,31.99892574,-87.29895315,(251) 575-2644,http://mobarch.org/parishfinder,1,0,0,False,https://catholicindex.org/mass-times/camden-alabama,2026-02-21T10:59:19.492974+00:00
us-fl-cantonment-st-jude-thaddeus-0aa1d488,St. Jude Thaddeus,303 Rocky Ave,Cantonment,Florida,30.61275853,-87.3317796,(850) 968-6189,http://stjude.ptdiocese.org/,8,0,0,False,https://catholicindex.org/mass-times/elberta-alabama,2026-02-21T11:01:33.075276+00:00
us-ga-cedartown-st-bernadette-137307c1,St. Bernadette,100 Evergreen Ln,Cedartown,Georgia,34.03829416,-85.26070612,(770) 748-1517,http://stbernadettecc.org/,7,0,0,False,https://catholicindex.org/mass-times/piedmont-alabama,2026-02-21T11:07:58.781400+00:00
us-ga-cedartown-st-bernadette-roman-catholic-church-193522fc,St. Bernadette Roman Catholic Church,100 Evergreen Ln,Cedartown,GA,34.0395526,-85.2608813,+1-770-748-1517,https://stbernadettecc.org/,7,0,0,False,https://catholicindex.org/mass-times/piedmont-alabama,2026-02-21T11:07:58.781400+00:00
us-al-centre-st-michael-the-archangel-f3bbf42b,St. Michael the Archangel,165 Plaza Dr,Centre,Alabama,34.16091439,-85.69516943,(256) 845-4774 or  256-490-8710,http://stmichaelcatholicchurchdotcom.wordpress.com/,2,0,0,False,https://catholicindex.org/mass-times/centre-alabama,2026-02-21T10:59:37.508895+00:00
us-al-chastang-st-peter-the-apostle-35f31816,St. Peter the Apostle,16650 Hwy 43 (Mount Vernon),Chastang,Alabama,31.03836625,-88.02280802,(251) 829-5134,http://stpetertheapostlechurch.com,3,0,0,False,https://catholicindex.org/mass-times/bay-minette-alabama,2026-02-21T10:58:15.941220+00:00
us-al-chatom-mission-of-st-paul-d29531e7,Mission of St. Paul,203 Ct St,Chatom,Alabama,31.4679375,-88.2563125,12514593129,http://www.mobilearchdiocese.org/parishes/viewparish.cfm?pid=10136,0,0,0,False,https://catholicindex.org/mass-times/chatom-alabama,2026-02-21T10:59:43.545576+00:00
us-al-chickasaw-st-thomas-the-apostle-02d74d0c,St. Thomas the Apostle,251 N Craft Hwy,Chickasaw,Alabama,30.76544036,-88.0754228,(251) 452-9837 or (251) 454-4866 (Emergencies),http://stthomastheapostlecatholicchurch.com/wordpress/,0,0,0,False,https://catholicindex.org/mass-times/bay-minette-alabama,2026-02-21T10:58:15.941220+00:00
us-al-childersburg-holy-name-of-jesus-3195dfd8,Holy Name of Jesus,415 5th Ave SW,Childersburg,Alabama,33.27487942,-86.35017848,256-245-7741 ,http://www.bhmdiocese.org/parishfinder,2,0,0,False,https://catholicindex.org/mass-times/childersburg-alabama,2026-02-21T10:59:47.942768+00:00
us-al-citronelle-st-thomas-aquinas-d9a1decf,St Thomas Aquinas Church,8025 E State St,Citronelle,Alabama,31.09037319,-88.23293513,(251) 866-7505,http://mobarch.org/parishfinder,3,0,0,False,https://catholicindex.org/mass-times/citronelle-alabama,2026-02-21T10:59:52.562578+00:00
us-al-clanton-church-of-the-resurrection-a6603cc2,Resurrection,300 1st Ave,Clanton,Alabama,32.84007022,-86.62696818,334-758-0219,http://rescath.org/,6,0,0,False,https://catholicindex.org/mass-times/clanton-alabama,2026-02-21T10:59:54.072204+00:00
us-al-clio-nuestra-señora-de-guadalupe-ffea5c36,Nuestra Señora de Guadalupe,1022 Brundidge St,Clio,Alabama,31.71207182,-85.62385747,(334) 855-3148,http://holytrinityal.org,0,0,0,False,https://catholicindex.org/mass-times/clio-alabama,2026-02-21T11:00:01.509596+00:00
us-al-coden-st-rose-of-lima-c0b55bc9,St. Rose of Lima,2951 Durette Ave (Mon Louis),Coden,Alabama,30.43897077,-88.10859896,(251) 973-2592,http://www.stroseoflimamonlouis.com,10,0,0,False,https://catholicindex.org/mass-times/bayou-la-batre-alabama,2026-02-21T10:58:17.444235+00:00
us-ms-columbus-annunciation-60deeef6,Annunciation,808 College St,Columbus,Mississippi,33.49407773,-88.42377661,(662) 328-2927,http://www.annunciationcatholicchurch.com/,6,0,0,False,https://catholicindex.org/mass-times/reform-alabama,2026-02-21T11:08:34.698145+00:00
us-ga-columbus-our-lady-of-lourdes-08f09665,Our Lady of Lourdes,1953 Torch Hill Rd,Columbus,Georgia,32.4177412,-84.94917987,(706) 689-5720,http://www.ourladyoflourdesga.org/,10,0,0,False,https://catholicindex.org/mass-times/fort-mitchell-alabama,2026-02-21T11:02:22.650676+00:00
us-ga-columbus-st-benedict-the-moor-f7bcca12,St Benedict the Moor,2935 9th St,Columbus,Georgia,32.46272979,-84.94769478,(706) 323-8300,http://stbenedictthemoorcolumbus.org/,8,0,0,False,https://catholicindex.org/mass-times/fort-mitchell-alabama,2026-02-21T11:02:22.650676+00:00
us-ga-columbus-st-anne-653c6baf,St. Anne,2000 Kay Cir,Columbus,Georgia,32.48202095,-84.9342792,(706) 561-8678,http://stannecsg.com/,31,0,0,False,https://catholicindex.org/mass-times/fort-mitchell-alabama,2026-02-21T11:02:22.650676+00:00
us-ga-columbus-holy-family-32a45deb,The Church of the Holy Family,320 12th St,Columbus,Georgia,32.4683581,-84.98824618,(706) 323-6908,http://holyfamilycolumbus.com/,9,0,0,False,https://catholicindex.org/mass-times/fort-mitchell-alabama,2026-02-21T11:02:22.650676+00:00
us-al-cropwell-our-lady-of-the-lake-d66cc452,Our Lady of the Lake,4609 Martin St S,Cropwell,Alabama,33.52935251,-86.29266507,(205) 525-5161,http://ollpellcity.com/,1,0,0,False,https://catholicindex.org/mass-times/childersburg-alabama,2026-02-21T10:59:47.942768+00:00
us-al-cullman-christ-the-king-monastery-69c3c808,Christ the King Monastery ,5060 County Rd 1635,Cullman,Alabama,34.23917183,-86.72122164,(256) 735-4096,http://ctkmonastery.com,0,0,0,False,https://catholicindex.org/mass-times/cullman-alabama,2026-02-21T11:00:40.584728+00:00
us-al-cullman-sacred-heart-of-jesus-90aed0be,Sacred Heart of Jesus,205 3rd Ave SE,Cullman,Alabama,34.17761586,-86.84129239,(256) 734-3730,http://www.sacredheartchurchcullman.org/,38,0,0,False,https://catholicindex.org/mass-times/cullman-alabama,2026-02-21T11:00:40.584728+00:00
us-al-cullman-saint-bernard-abbey-23c370fc,St. Bernard Abbey,1600 Saint Bernard Dr SE,Cullman,Alabama,34.17654326,-86.8145989,(256) 734-8291,http://stbernardabbey.com,7,0,0,False,https://catholicindex.org/mass-times/cullman-alabama,2026-02-21T11:00:40.584728+00:00
us-ga-cuthbert-saint-luke-5446aef9,St. Luke,525 Ct St,Cuthbert,Georgia,31.7781688,-84.78900528,(229) 732-5239,$undefined,1,0,0,False,https://catholicindex.org/mass-times/eufaula-alabama,2026-02-21T11:01:51.089847+00:00
us-al-daleville-main-post-chapel-c54e9aa2,Main Post Chapel,Fort Rucker Dam bldg 8940,Daleville,AL,31.3398312,-85.7125898,+1-334-255-9566,$undefined,0,0,0,False,https://catholicindex.org/mass-times/dothan-alabama,2026-02-21T11:01:13.724071+00:00
us-al-daphne-christ-the-king-18cea04e,Christ the King,1505 Main St,Daphne,Alabama,30.60081683,-87.90296292,(251) 626-2343,http://ctkdaphne.org,19,0,0,False,https://catholicindex.org/mass-times/bay-minette-alabama,2026-02-21T10:58:15.941220+00:00
us-al-daphne-christ-the-king-catholic-church-c984601d,Christ the King Catholic Church,711 College Ave,Daphne,AL,30.599612,-87.9038852,+1-251-626-2343,https://www.ctkdaphne.org/,11,0,0,False,https://catholicindex.org/mass-times/bay-minette-alabama,2026-02-21T10:58:15.941220+00:00
us-al-daphne-shrine-of-the-holy-cross-45972661,Shrine of the Holy Cross,612 Main St -Scenic Hwy 98,Daphne,Alabama,30.5854472,-87.90120303,(251) 621-9793,http://shrineoftheholycross.org/,3,0,0,False,https://catholicindex.org/mass-times/bay-minette-alabama,2026-02-21T10:58:15.941220+00:00
us-al-daphne-shrine-of-the-holy-cross-695d1cb3,Shrine of the Holy Cross,612 Main St,Daphne,AL,30.5853451,-87.9011273,+1-251-621-9793,https://shrineoftheholycross.org/,3,0,0,False,https://catholicindex.org/mass-times/bay-minette-alabama,2026-02-21T10:58:15.941220+00:00
us-al-dauphin-island-st-edmund-by-the-sea-e01e374b,St. Edmund by the Sea,823 Cadillac Ave,Dauphin Island,Alabama,30.25509008,-88.10968017,(251) 895-5454,http://mobarch.org/parishfinder,3,0,0,False,https://catholicindex.org/mass-times/bayou-la-batre-alabama,2026-02-21T10:58:17.444235+00:00
us-al-decatur-annunciation-of-the-lord-6de89262,Annunciation of the Lord Church,3910 Spring Ave SW,Decatur,Alabama,34.53253861,-86.99877353,(256) 353-2667 ,http://annunlord.com/,6,0,0,False,https://catholicindex.org/mass-times/athens-alabama,2026-02-21T10:58:01.026994+00:00
us-al-decatur-annunciation-of-the-lord-church-e3057503,Annunciation of the Lord Church,3910 Spring Ave SW,Decatur,AL,34.53236,-86.9987258,+1-256-353-2667,https://annunlord.com/,11,0,0,False,https://catholicindex.org/mass-times/athens-alabama,2026-02-21T10:58:01.026994+00:00
us-al-demopolis-st-leo-the-great-d908eab8,St. Leo the Great,309 S Main Ave,Demopolis,Alabama,32.51359122,-87.8385542,(334) 289-2767,http://www.stleo.info,2,0,0,False,https://catholicindex.org/mass-times/demopolis-alabama,2026-02-21T11:01:03.061775+00:00
us-al-dothan-st-columba-9739897d,St. Columba,2700 W Main St,Dothan,Alabama,31.22908107,-85.42951111,(334) 793-5802,http://www.stcolumbacatholic.com/,21,0,0,False,https://catholicindex.org/mass-times/dothan-alabama,2026-02-21T11:01:13.724071+00:00
us-al-eclectic-church-in-the-pines-13f6e199,Church in the Pines,200 Kowaliga Marina Road,Eclectic,AL,32.7382629,-85.969048,+1-334-283-2169,https://stvincent-tallassee.com/,8,0,0,False,https://catholicindex.org/mass-times/alexander-city-alabama,2026-02-21T10:57:30.975183+00:00
us-al-elberta-st-bartholomew-434ee68c,St. Bartholomew,12795 Illinois St,Elberta,Alabama,30.41155195,-87.60171173,(251) 986-8142,http://stbartselberta.org,6,0,0,False,https://catholicindex.org/mass-times/bon-secour-alabama,2026-02-21T10:58:43.557243+00:00
us-al-ensley-holy-family-0b962013,Holy Family,1910 19th St,Ensley,Alabama,33.5104655,-86.88278885,(205) 780-3440,http://www.holyfamilybirmingham.com,2,0,0,False,https://catholicindex.org/mass-times/adamsville-alabama,2026-02-21T10:57:20.542006+00:00
us-al-enterprise-st-john-the-evangelist-64929eca,St. John the Evangelist,123 Heath St,Enterprise,Alabama,31.32742424,-85.85201095,(334) 347-6751,http://www.stjohnenterprise.org,8,0,0,False,https://catholicindex.org/mass-times/enterprise-alabama,2026-02-21T11:01:43.622054+00:00
us-al-eufaula-holy-redeemer-e22e5885,Holy Redeemer,515 W Broad St,Eufaula,Alabama,31.89257801,-85.15139735,(334) 687-3716,http://mobarch.org/parishfinder,8,0,0,False,https://catholicindex.org/mass-times/eufaula-alabama,2026-02-21T11:01:51.089847+00:00
us-al-eutaw-st-marys-229b1f08,St. Mary,347 Wilson Ave ,Eutaw,Alabama,32.83973068,-87.89045053,334-289-2767 ,http://www.stleo.info/,1,0,0,False,https://catholicindex.org/mass-times/demopolis-alabama,2026-02-21T11:01:03.061775+00:00
us-al-fairfield-saint-mary-ecfb2966,St. Mary,6101 Dr M Luther King Dr,Fairfield,Alabama,33.47612308,-86.90687449,(205) 923-0202,https://stmarysfairfieldala.weebly.com/,0,0,0,False,https://catholicindex.org/mass-times/adamsville-alabama,2026-02-21T10:57:20.542006+00:00
us-al-fairford-our-lady-of-sorrows-mission-1915f6cd,Our Lady of Sorrows Mission,1733 Little Chestang Rd (McIntosh),Fairford,Alabama,31.17223455,-88.11596788,(251) 829-5134,http://stpetertheapostlechurch.com,2,0,0,False,https://catholicindex.org/mass-times/chatom-alabama,2026-02-21T10:59:43.545576+00:00
us-al-fairhope-st-lawrence-de957e31,St. Lawrence,400 S Section St,Fairhope,Alabama,30.51420278,-87.90329787,(251) 928-5931,http://www.stlawrencefairhope.com,15,0,0,False,https://catholicindex.org/mass-times/bayou-la-batre-alabama,2026-02-21T10:58:17.444235+00:00
us-al-fayette-holy-family-99fe2569,Holy Family,423 19th St NW,Fayette,Alabama,33.71310324,-87.8283751,(205) 487-3616,$undefined,0,0,0,False,https://catholicindex.org/mass-times/fayette-alabama,2026-02-21T11:02:04.524573+00:00
us-al-florence-st-joseph-78b40a7d,St. Joseph,203 Plum St,Florence,Alabama,34.80482635,-87.66309365,(256) 764-3303,https://www.stjosephflorence.org,12,0,0,False,https://catholicindex.org/mass-times/florence-alabama,2026-02-21T11:02:13.616773+00:00
us-al-florence-st-michael-28201987,St. Michael,2751 County Rd 30,Florence,Alabama,34.87500987,-87.62632972,(256) 764-1885,http://www.stmichaelscatholic.org/,22,0,0,False,https://catholicindex.org/mass-times/florence-alabama,2026-02-21T11:02:13.616773+00:00
us-al-foley-st-margaret-of-scotland-3275bb30,St. Margaret of Scotland,601 W Laurel Ave,Foley,Alabama,30.40624936,-87.69539705,(251) 943-4009,http://stmargaretofscotlandfoley.com/index_slt.php,9,0,0,False,https://catholicindex.org/mass-times/bon-secour-alabama,2026-02-21T10:58:43.557243+00:00
us-al-fort-mitchell-st-joseph-fbf3f888,St. Joseph,1444 Hwy 165,Fort Mitchell,Alabama,32.22305515,-85.00773212,(334) 855-3148,http://holytrinityal.org,5,0,0,False,https://catholicindex.org/mass-times/eufaula-alabama,2026-02-21T11:01:51.089847+00:00
us-al-fort-mitchell-church-of-st-joseph-180276a3,St. Joseph,1444 Hwy 165,Fort Mitchell,Alabama,32.27625,-85.00375,13348553148,https://www.holytrinityal.org,5,0,0,False,https://catholicindex.org/mass-times/fort-mitchell-alabama,2026-02-21T11:02:22.650676+00:00
us-al-fort-mitchell-st-joseph-catholic-parish-c3aaf74f,St. Joseph Catholic Parish,1444 AL-165,Fort Mitchell,AL,32.2230515,-85.0077876,+1-334-855-3148,https://www.holytrinityal.org,5,0,0,False,https://catholicindex.org/mass-times/eufaula-alabama,2026-02-21T11:01:51.089847+00:00
us-al-fort-payne-our-lady-of-the-valley-ac83bc5a,Our Lady of the Valley,2910 Gault Ave N,Fort Payne,Alabama,34.47176951,-85.69536478,(256) 845-4774,http://olvfortpayne.com,10,0,0,False,https://catholicindex.org/mass-times/centre-alabama,2026-02-21T10:59:37.508895+00:00
us-al-gadsden-st-james-83e5244f,St. James,622 Chestnut St,Gadsden,Alabama,34.01387597,-86.00824658,(256) 546-2975,http://www.sjccgadsden.org/,10,0,0,False,https://catholicindex.org/mass-times/albertville-alabama,2026-02-21T10:57:29.514323+00:00
us-al-gardendale-st-elizabeth-ann-seton-676e8f1c,St. Elizabeth Ann Seton,334 Main St,Gardendale,Alabama,33.63471455,-86.8091859,(205) 631-9398,http://www.seasgardendale.org/,8,0,0,False,https://catholicindex.org/mass-times/adamsville-alabama,2026-02-21T10:57:20.542006+00:00
us-ms-gautier-st-mary-ff01398a,St. Mary,809 De La Pointe Dr,Gautier,Mississippi,30.38747526,-88.62262341,(228) 497-2364,https://saintmarygautier.com/,8,0,0,False,https://catholicindex.org/mass-times/bayou-la-batre-alabama,2026-02-21T10:58:17.444235+00:00
us-al-geneva-st-mary-mission-c351d2ec,Mission of St. Mary,100 S Commerce St,Geneva,Alabama,31.03918132,-85.86664431,(334) 797-6920 or (334)347-6751,http://www.stjohnenterprise.org/,8,0,0,False,https://catholicindex.org/mass-times/enterprise-alabama,2026-02-21T11:01:43.622054+00:00
us-al-grand-bay-st-john-the-baptist-1ddbe166,St. John the Baptist,2450 Hwy 188,Grand Bay,Alabama,30.47475344,-88.33564526,(251) 865-6902,http://stjohngrandbay.org,0,0,0,False,https://catholicindex.org/mass-times/bayou-la-batre-alabama,2026-02-21T10:58:17.444235+00:00
us-al-greensboro-church-of-our-lady-of-lourdes-0d75f8d8,Our Lady of Lourdes,8 Erwin Woods Dr,Greensboro,Alabama,32.6983125,-87.5955625,13342892767,https://www.bhmdiocese.org/parishfinder,0,0,0,False,https://catholicindex.org/mass-times/demopolis-alabama,2026-02-21T11:01:03.061775+00:00
us-al-greenville-st-elizabeth-93c79ceb,St. Elizabeth,407 E Walnut St,Greenville,Alabama,31.82934084,-86.61993377,(334) 382-6203 or (251) 656-1721 ,http://www.facebook.com/st.elizabethcatholicparishgreenville/,0,0,0,False,https://catholicindex.org/mass-times/greenville-alabama,2026-02-21T11:03:24.105065+00:00
us-al-grove-hill-sacred-heart-303b3846,Sacred Heart,19730 US Hwy 43,Grove Hill,Alabama,31.73128145,-87.76689352,(251) 275-3665,http://sites.google.com/mobarch.org/sacredheartghorg,5,0,0,False,https://catholicindex.org/mass-times/grove-hill-alabama,2026-02-21T11:03:25.546722+00:00
us-fl-gulf-breeze-st-ann-59edf4e3,St. Ann,100 Daniel Dr,Gulf Breeze,Florida,30.36118809,-87.16599627,(850) 932-2859,http://www.stanngulfbreeze.org/,10,0,0,False,https://catholicindex.org/mass-times/lillian-alabama,2026-02-21T11:05:16.704218+00:00
us-al-gulf-shores-our-lady-of-the-gulf-ee7a7f63,Our Lady of the Gulf,308 E 22nd Ave,Gulf Shores,Alabama,30.2759715,-87.68203259,(251) 968-7062,http://olgal.org,12,0,0,False,https://catholicindex.org/mass-times/bon-secour-alabama,2026-02-21T10:58:43.557243+00:00
us-al-guntersville-saint-william-c98cb436,St. William,929 Gunter Ave,Guntersville,Alabama,34.35193379,-86.29812875,(256) 582-4245,http://stwilliamchurch.com/,7,0,0,False,https://catholicindex.org/mass-times/albertville-alabama,2026-02-21T10:57:29.514323+00:00
us-al-haleyville-our-lady-of-guadalupe-ea29133e,Our Lady of Guadalupe,485 Layne Hill Dr,Haleyville,Alabama,34.24796107,-87.59409736,(205) 487-3616,https://www.facebook.com/groups/851445238304466/,0,0,0,False,https://catholicindex.org/mass-times/haleyville-alabama,2026-02-21T11:03:36.054841+00:00
us-al-haleyville-church-of-our-lady-of-guadalupe-c9166a0f,Our Lady of Guadalupe,485 Layne Hill Rd,Haleyville,Alabama,34.2436875,-87.5916875,12054873616,https://www.bhmdiocese.org/parishfinder,3,0,0,False,https://catholicindex.org/mass-times/haleyville-alabama,2026-02-21T11:03:36.054841+00:00
us-al-hanceville-shrine-of-the-most-blessed-sacrament-our-lady-of-the-angels-monastery-0c27be08,Shrine of the Most Blessed Sacrament,3224 County Rd 548,Hanceville,Alabama,34.05552148,-86.68801797,(256) 352-6267,http://olamshrine.com,10,0,0,False,https://catholicindex.org/mass-times/cullman-alabama,2026-02-21T11:00:40.584728+00:00
us-al-hanceville-st-boniface-51432c12,St. Boniface,302 Blountsville St NE,Hanceville,Alabama,34.06115462,-86.76731559,(256) 734-3730,http://www.sacredheartchurchcullman.org/,38,0,0,False,https://catholicindex.org/mass-times/cullman-alabama,2026-02-21T11:00:40.584728+00:00
us-al-heron-bay-st-michael-mission-ff454ee4,Mission of St. Michael,15872 Heron Bay Loop Rd E (Coden),Heron Bay,Alabama,30.35702027,-88.12985886,(251) 973-2096,http://stsphilipandmichael.com,2,0,0,False,https://catholicindex.org/mass-times/bayou-la-batre-alabama,2026-02-21T10:58:17.444235+00:00
us-al-hoover-prince-of-peace-44968350,Prince of Peace,4600 Preserve Pkwy ,Hoover,Alabama,33.37289161,-86.852615,(205) 822-9125,http://www.popcatholic.org/,16,0,0,False,https://catholicindex.org/mass-times/adamsville-alabama,2026-02-21T10:57:20.542006+00:00
us-al-hoover-st-peter-the-apostle-5874eb7b,St. Peter the Apostle,2061 Patton Chapel Rd,Hoover,Alabama,33.39262884,-86.80055789,(205) 822-4480,http://www.stpeterapostle.com/,43,0,0,False,https://catholicindex.org/mass-times/adamsville-alabama,2026-02-21T10:57:20.542006+00:00
us-al-huntsville-good-shepherd-catholic-parish-a2655752,Good Shepherd,13550 Chaney Thompson Rd,Huntsville,Alabama,34.61404373,-86.55032466,(256) 882-1844,http://www.goodshephsv.org/,8,0,0,False,https://catholicindex.org/mass-times/guntersville-alabama,2026-02-21T11:03:31.643460+00:00
us-al-huntsville-holy-spirit-8790d08f,Holy Spirit,625 Airport Rd,Huntsville,Alabama,34.68968164,-86.57365752,(256) 881-4781,http://holyspirithsv.com/,18,0,0,False,https://catholicindex.org/mass-times/huntsville-alabama,2026-02-21T11:04:19.650382+00:00
us-al-huntsville-military-chapel-of-our-lady-of-the-valley-8005dd76,Military Chapel of Our Lady of the Valley,376 376 Goss Rd SW,Huntsville,Alabama,34.6990625,-86.6491875,12568762409,https://www.bhmdiocese.org/parishfinder,0,0,0,False,https://catholicindex.org/mass-times/athens-alabama,2026-02-21T10:58:01.026994+00:00
us-al-huntsville-our-lady-help-of-christians-6154961e,"Our Lady, Help of Christians",1201 Kingsbury Ave,Huntsville,Alabama,34.73276005,-86.57099029,(256) 801-9157,http://ourladyhelpofchristians-al.org/,27,0,0,False,https://catholicindex.org/mass-times/athens-alabama,2026-02-21T10:58:01.026994+00:00
us-al-huntsville-our-lady-queen-of-the-universe-909e7b8d,"Our Lady, Queen of the Universe",2421 Shady Ln Dr,Huntsville,Alabama,34.76308016,-86.62661594,(256) 852-0788,http://olqu.org/wp/,0,0,0,False,https://catholicindex.org/mass-times/athens-alabama,2026-02-21T10:58:01.026994+00:00
us-al-huntsville-st-joseph-acf52bc5,St. Joseph,2300 Beasley Ave,Huntsville,Alabama,34.73515713,-86.60254189,(256) 534-8459,http://saintjosephcc.com/,17,0,0,False,https://catholicindex.org/mass-times/athens-alabama,2026-02-21T10:58:01.026994+00:00
us-al-huntsville-st-mary-of-the-visitation-9b9ebc83,St. Mary of the Visitation,222 N Jefferson St,Huntsville,Alabama,34.7330201,-86.58752192,(256) 536-6349,http://www.smvparish.com/,7,0,0,False,https://catholicindex.org/mass-times/athens-alabama,2026-02-21T10:58:01.026994+00:00
us-al-irondale-our-lady-of-the-angels-chapel-ewtn-bc8875cb,Chapel of Our Lady of the Angels ( EWTN),5817 Old Leeds Rd,Irondale,Alabama,33.53319045,-86.67527676,(800) 447-3986 or (256) 787-4121,http://www.ewtn.com/pilgrimage,8,0,0,False,https://catholicindex.org/mass-times/adamsville-alabama,2026-02-21T10:57:20.542006+00:00
us-al-jackson-mission-of-the-visitation-794fc60a,Mission of the Visitation,135 W Clinton St,Jackson,Alabama,31.5138125,-87.8956875,12512753665,http://www.mobilearchdiocese.org/parishes/viewparish.cfm?pid=10329,0,0,0,False,https://catholicindex.org/mass-times/chatom-alabama,2026-02-21T10:59:43.545576+00:00
us-al-jacksonville-st-charles-borromeo-5933a455,St. Charles Borromeo,308 7th St NE,Jacksonville,Alabama,33.82486841,-85.75774956,(256) 435-3238,http://www.stcharlescatholicchurch.com/,0,0,0,False,https://catholicindex.org/mass-times/anniston-alabama,2026-02-21T10:57:47.440125+00:00
us-al-jasper-st-cecilia-f586a3b1,St. Cecilia,2159 Hwy 195,Jasper,Alabama,33.87797023,-87.28536828,(205) 384-4800,http://www.stceciliajasper.com/,14,0,0,False,https://catholicindex.org/mass-times/jasper-alabama,2026-02-21T11:04:34.655117+00:00
us-ga-lagrange-st-peters-catholic-church-84af5de2,St. Peter's Catholic Church,200 Lafayette Pkwy,LaGrange,GA,33.0378885,-85.029044,+1-706-884-4224,https://www.stplagrange.com/,13,0,0,False,https://catholicindex.org/mass-times/lanett-alabama,2026-02-21T11:04:58.692992+00:00
us-ga-lagrange-st-peter-50998266,St. Peter,200 Lafayette Pkwy,Lagrange,Georgia,33.03878998,-85.02986451,(706) 884-4224,https://www.stplagrange.com/,13,0,0,False,https://catholicindex.org/mass-times/lanett-alabama,2026-02-21T11:04:58.692992+00:00
us-al-lanett-holy-family-5efc1a5e,Holy Family,705 N 3rd Ave,Lanett,Alabama,32.87362417,-85.18834485,(334) 644-4405,http://www.bhmdiocese.org/parishfinder,1,0,0,False,https://catholicindex.org/mass-times/auburn-alabama,2026-02-21T10:58:05.407764+00:00
us-ms-leakesville-holy-trinity-62eb2af9,Mission of the Holy Trinity,911 Jackson Ave,Leakesville,Mississippi,31.15453063,-88.56107822,(601) 528-1393,http://stfxstl.org/,10,0,0,False,https://catholicindex.org/mass-times/citronelle-alabama,2026-02-21T10:59:52.562578+00:00
us-al-leeds-st-theresa-of-the-child-jesus-1a98b44b,St. Theresa of the Child Jesus,1394 Ashville Ct,Leeds,Alabama,33.54390444,-86.54873646,(205) 352-3741,http://sttheresaleeds.org,9,0,0,False,https://catholicindex.org/mass-times/adamsville-alabama,2026-02-21T10:57:20.542006+00:00
us-al-lillian-st-joseph-07427826,St. Joseph,12688 Santa Piedro St,Lillian,Alabama,30.4105097,-87.44178588,(251) 962-3649 or (251) 284-3491 (Rectory),http://www.saint-josephs.org/,8,0,0,False,https://catholicindex.org/mass-times/bon-secour-alabama,2026-02-21T10:58:43.557243+00:00
us-al-livingston-st-francis-of-assisi-fbbf1196,St. Francis of Assisi,101 Meadow Brook Dr,Livingston,Alabama,32.58267567,-88.17994225,(334) 289-2767,http://www.stleo.info,1,0,0,False,https://catholicindex.org/mass-times/demopolis-alabama,2026-02-21T11:01:03.061775+00:00
us-tn-loretto-sacred-heart-parish-a4dc3707,Sacred Heart,301 Church St,Loretto,Tennessee,35.07693611,-87.44345297,(931) 853-4370,http://shsjparishes.com/,6,0,0,False,https://catholicindex.org/mass-times/florence-alabama,2026-02-21T11:02:13.616773+00:00
us-ms-lucedale-st-lucy-4048ac0a,Mission of St. Lucy,125 Scott Rd,Lucedale,Mississippi,30.89868487,-88.60474542,(601) 947-9968,http://stfxstl.org/index.php/st-lucys-catholic-church-lucedale/,3,0,0,False,https://catholicindex.org/mass-times/semmes-alabama,2026-02-21T11:09:18.254719+00:00
us-al-madison-most-merciful-jesus-c5220186,Most Merciful Jesus,10509 Segers Rd,Madison,Alabama,34.70760563,-86.81696647,(256) 325-0695,http://www.mostmercifuljesuschurch.org/,7,0,0,False,https://catholicindex.org/mass-times/athens-alabama,2026-02-21T10:58:01.026994+00:00
us-al-madison-st-john-the-baptist-ff11089b,St. John the Baptist,1055 Hughes Rd,Madison,Alabama,34.73372015,-86.73988105,(256) 722-0130 ,http://www.stjohnbchurch.org/,17,0,0,False,https://catholicindex.org/mass-times/athens-alabama,2026-02-21T10:58:01.026994+00:00
us-al-magnolia-springs-chapel-of-our-lady-of-bon-secour-22ee21b7,Chapel of Our Lady of Bon Secour,17263 County Rd 49 S,Magnolia Springs,Alabama,30.40875,-87.76875,12519657719,http://www.mobilearchdiocese.org/parishes/viewparish.cfm?pid=10335,0,0,0,False,https://catholicindex.org/mass-times/bon-secour-alabama,2026-02-21T10:58:43.557243+00:00
us-al-magnolia-springs-st-john-the-baptist-641e4962,St. John,10800 St John Ln (Foley),Magnolia Springs,Alabama,30.38093187,-87.8004086,(251) 965-7719,http://stjohnms.com,0,0,0,False,https://catholicindex.org/mass-times/bon-secour-alabama,2026-02-21T10:58:43.557243+00:00
us-al-marbury-dominican-monastery-of-st-jude-2d5cd36d,Dominican Monastery of St. Jude,143 County Rd 20 E,Marbury,Alabama,32.7026875,-86.4829375,$undefined,https://marburydominicannuns.org/,10,0,0,False,https://catholicindex.org/mass-times/clanton-alabama,2026-02-21T10:59:54.072204+00:00
us-al-maxwell-afb-holy-family-e8a704a1,Holy Family,101 Popular St,Maxwell AFB,Alabama,32.38047623,-86.34482093,334-953-7690 / (334) 782-5493,$undefined,0,0,0,False,https://catholicindex.org/mass-times/marbury-alabama,2026-02-21T11:05:51.280833+00:00
us-al-mobile-carmelite-monastery-of-mobile-63ddbbc2,Carmelite Monastery,716 Dauphin Island Pkwy,Mobile,Alabama,30.66549109,-88.08798315,(251) 401-1223,https://carmelmobileal.com/,10,0,0,False,https://catholicindex.org/mass-times/bay-minette-alabama,2026-02-21T10:58:15.941220+00:00
us-al-mobile-cathedral-basilica-of-the-immaculate-conception-8293c14e,Cathedral-Basilica of the Immaculate Conception,307 Conti St,Mobile,Alabama,30.69022771,-88.04570041,(251) 434-1565,http://www.mobilecathedral.org,11,0,0,False,https://catholicindex.org/mass-times/bay-minette-alabama,2026-02-21T10:58:15.941220+00:00
us-al-mobile-community-of-st-gregory-the-great-070b6ef6,Community of St. Gregory the Great,1413 Old Shell Rd,Mobile,Alabama,30.6899375,-88.0703125,12514328678,http://www.stgregorymobile.org,0,0,0,False,https://catholicindex.org/mass-times/bay-minette-alabama,2026-02-21T10:58:15.941220+00:00
us-al-mobile-corpus-christi-parish-85f6f0ae,Corpus Christi,6300 McKenna Dr,Mobile,Alabama,30.68166144,-88.18814731,(251) 342-1852,http://corpuschristiparish.com,10,0,0,False,https://catholicindex.org/mass-times/bayou-la-batre-alabama,2026-02-21T10:58:17.444235+00:00
us-al-mobile-corpus-christi-catholic-church-e0e35dfc,Corpus Christi Catholic Church,6300 McKenna Dr,Mobile,AL,30.682002,-88.1871283,+1-251-342-1852,https://www.corpuschristiparish.com/,10,0,0,False,https://catholicindex.org/mass-times/bayou-la-batre-alabama,2026-02-21T10:58:17.444235+00:00
us-al-mobile-holy-family-f9aa58df,Holy Family,1400 Joyce Rd,Mobile,Alabama,30.71643495,-88.15892655,(251) 344-0271,http://www.holyfamilymobile.com/,9,0,0,False,https://catholicindex.org/mass-times/bayou-la-batre-alabama,2026-02-21T10:58:17.444235+00:00
us-al-mobile-little-flower-5f84bbc5,Little Flower,2053 Government St,Mobile,Alabama,30.67499304,-88.08957254,(251) 478-3381,http://www.littleflowermobile.com,10,0,0,False,https://catholicindex.org/mass-times/bay-minette-alabama,2026-02-21T10:58:15.941220+00:00
us-al-mobile-monastery-of-the-visitation-43c49105,Monastery of the Visitation,Mobile Alabama 36607,Mobile,Alabama,30.6933125,-88.0925625,12514732321,http://www.visitationmonasterymobile.org/,1,0,0,False,https://catholicindex.org/mass-times/bay-minette-alabama,2026-02-21T10:58:15.941220+00:00
us-al-mobile-most-pure-heart-of-mary-bed5d343,Most Pure Heart of Mary,304 Sengstak St,Mobile,Alabama,30.69589476,-88.05301166,(251) 432-3344,http://mostpureheartofmarymobile.org,6,0,0,False,https://catholicindex.org/mass-times/bay-minette-alabama,2026-02-21T10:58:15.941220+00:00
us-al-mobile-our-lady-of-lourdes-ee0d6cd1,Our Lady of Lourdes,1621 Boykin Blvd,Mobile,Alabama,30.59356207,-88.08058064,(251) 479-9885,http://www.ourladyoflourdesparish.com/,5,0,0,False,https://catholicindex.org/mass-times/bayou-la-batre-alabama,2026-02-21T10:58:17.444235+00:00
us-al-mobile-our-savior-6aeaa87b,Our Savior,1801 Cody Rd,Mobile,Alabama,30.65184379,-88.20673615,(251) 633-6762,http://oursaviorparish.org,9,0,0,False,https://catholicindex.org/mass-times/bayou-la-batre-alabama,2026-02-21T10:58:17.444235+00:00
us-al-mobile-prince-of-peace-3f1e19f1,Prince of Peace,351 S Lawrence St,Mobile,Alabama,30.68250255,-88.04508029,(251) 432-2364,http://www.popcatholicmobile.org/,7,0,0,False,https://catholicindex.org/mass-times/bay-minette-alabama,2026-02-21T10:58:15.941220+00:00
us-al-mobile-sacred-heart-of-jesus-univ-of-south-alabama-279e6e51,Sacred Heart of Jesus (Univ. of South Alabama),6051 Old Shell Rd,Mobile,Alabama,30.68954209,-88.18238318,(251) 343-3662,http://csajags.com,19,0,0,False,https://catholicindex.org/mass-times/bayou-la-batre-alabama,2026-02-21T10:58:17.444235+00:00
us-al-mobile-church-of-st-catherine-siena-466bae43,St. Catherine Siena,2605 Springhill Ave,Mobile,Alabama,30.7015625,-88.1139375,12514731415,https://stcatherinemobile.org,3,0,0,False,https://catholicindex.org/mass-times/bay-minette-alabama,2026-02-21T10:58:15.941220+00:00
us-al-mobile-st-catherine-of-siena-e3cf7236,St. Catherine of Siena,2605 Springhill Ave,Mobile,Alabama,30.69507447,-88.10106437,(251) 473-1415,http://stcatherinemobile.org,3,0,0,False,https://catholicindex.org/mass-times/bay-minette-alabama,2026-02-21T10:58:15.941220+00:00
us-al-mobile-st-dominic-ab6e286b,St. Dominic,4156 Burma Rd,Mobile,Alabama,30.64072208,-88.14631481,(251) 661-5130,http://www.stdominicmobile.org,11,0,0,False,https://catholicindex.org/mass-times/bayou-la-batre-alabama,2026-02-21T10:58:17.444235+00:00
us-al-mobile-st-francis-xavier-05d9f0b6,St. Francis Xavier,2034 St Stephens Rd,Mobile,Alabama,30.70938341,-88.08031778,(251) 473-4975,http://www.sfxmobile.org/,0,0,0,False,https://catholicindex.org/mass-times/bay-minette-alabama,2026-02-21T10:58:15.941220+00:00
us-al-mobile-st-ignatius-2ffbd7ff,St. Ignatius,3704 Spring Hill Ave,Mobile,Alabama,30.70589779,-88.13915759,(251) 342-9221,http://www.stignatiusmobile.org,15,0,0,False,https://catholicindex.org/mass-times/bay-minette-alabama,2026-02-21T10:58:15.941220+00:00
us-al-mobile-st-joan-of-arc-a77dad15,St. Joan of Arc,1260 Elmira St,Mobile,Alabama,30.68005824,-88.06637952,(251) 432-3505,http://stjoanofarcmobile.com,2,0,0,False,https://catholicindex.org/mass-times/bay-minette-alabama,2026-02-21T10:58:15.941220+00:00
us-al-mobile-church-of-st-joseph-09699434,St. Joseph,808 Springhill Ave,Mobile,Alabama,30.6898125,-88.0535625,12514341565,http://www.mobilearchdiocese.org/parishes/viewparish.cfm?pid=10101,0,0,0,False,https://catholicindex.org/mass-times/bay-minette-alabama,2026-02-21T10:58:15.941220+00:00
us-al-mobile-st-joseph-2d61da24,St. Joseph,1703 Dublin St (Maysville),Mobile,Alabama,30.66891041,-88.07941557,(251) 473-3761,http://www.stjosephmaysville.org,0,0,0,False,https://catholicindex.org/mass-times/bay-minette-alabama,2026-02-21T10:58:15.941220+00:00
us-al-mobile-st-joseph-chapel-b798bf3a,St. Joseph Chapel,Loras Ct,Mobile,AL,30.6937645,-88.1371581,+1-251-380-3495,https://badgerweb.shc.edu/ICS/Campus_Life/Campus_Ministry.jnz,11,0,0,False,https://catholicindex.org/mass-times/bayou-la-batre-alabama,2026-02-21T10:58:17.444235+00:00
us-al-mobile-st-marys-092ce110,St. Mary,1453 Old Shell Rd,Mobile,Alabama,30.68995399,-88.07138372,(251) 432-8678,http://www.stmarymobile.org,6,0,0,False,https://catholicindex.org/mass-times/bay-minette-alabama,2026-02-21T10:58:15.941220+00:00
us-al-mobile-st-matthew-fb02cc65,St. Matthew,906 Garrity St,Mobile,Alabama,30.6628898,-88.05792976,(251) 432-4784,http://stmatthewsmobile.com,5,0,0,False,https://catholicindex.org/mass-times/bay-minette-alabama,2026-02-21T10:58:15.941220+00:00
us-al-mobile-st-monica-51d5a3d2,St. Monica,1131 Dauphin Island Pkwy,Mobile,Alabama,30.65448589,-88.08882365,(251) 479-7360,http://stmonicamobile.org,9,0,0,False,https://catholicindex.org/mass-times/bay-minette-alabama,2026-02-21T10:58:15.941220+00:00
us-al-mobile-st-pius-x-ae972f31,St. Pius X,217 S Sage Ave,Mobile,Alabama,30.67850885,-88.11405044,(251) 471-2449,http://stpiustenth.com,9,0,0,False,https://catholicindex.org/mass-times/bay-minette-alabama,2026-02-21T10:58:15.941220+00:00
us-al-mobile-st-vincent-de-paul-12023d7f,St. Vincent de Paul,4980 St Vincent Dr,Mobile,Alabama,30.58628601,-88.19556567,(251) 661-3908,http://svdpmobile.com,6,0,0,False,https://catholicindex.org/mass-times/bayou-la-batre-alabama,2026-02-21T10:58:17.444235+00:00
us-fl-molino-st-elizabeth-of-hungary-e8cbb03f,Mission of St. Elizabeth of Hungary,3015 St Elizabeth St,Molino,Florida,30.68180466,-87.40242004,(850) 968-6189,http://www.facebook.com/StElizabethMolino/,0,0,0,False,https://catholicindex.org/mass-times/atmore-alabama,2026-02-21T10:58:02.403326+00:00
us-al-monroeville-annunciation-of-the-lord-30398e61,Annunciation,565 Whetstone St,Monroeville,Alabama,31.50015948,-87.3287204,(251) 575-2644,http://mobarch.org/parishfinder,15,0,0,False,https://catholicindex.org/mass-times/monroeville-alabama,2026-02-21T11:06:27.197426+00:00
us-al-montevallo-st-thomas-the-apostle-catholic-church-01cb8ddc,St. Thomas the Apostle,80 Saint Thomas Way,Montevallo,Alabama,33.15846606,-86.82388634,(205) 663-3936,http://www.stthomascatholic.com/,11,0,0,False,https://catholicindex.org/mass-times/bessemer-alabama,2026-02-21T10:58:30.960859+00:00
us-al-montgomery-holy-spirit-dffa0ffd,Holy Spirit,8570 Vaughn Rd,Montgomery,Alabama,32.33762244,-86.15210233,(334) 277-5631,http://holyspiritmgm.org,12,0,0,False,https://catholicindex.org/mass-times/montgomery-alabama,2026-02-21T11:06:30.177779+00:00
us-al-montgomery-our-lady-queen-of-mercy-fa39be3b,Our Lady Queen of Mercy,4421 Narrow Ln Rd,Montgomery,Alabama,32.32097025,-86.28160961,(334) 288-2850,http://olqm.org,9,0,0,False,https://catholicindex.org/mass-times/montgomery-alabama,2026-02-21T11:06:30.177779+00:00
us-al-montgomery-queen-of-mercy-catholic-church-5e663a5f,Queen of Mercy Catholic Church,4421 Narrow Lane Rd,Montgomery,AL,32.3209923,-86.2815974,+1-334-288-2850,https://olqm.org/,9,0,0,False,https://catholicindex.org/mass-times/montgomery-alabama,2026-02-21T11:06:30.177779+00:00
us-al-montgomery-resurrection-parish-e2d381c7,Resurrection,2815 Forbes Rd,Montgomery,Alabama,32.42491461,-86.28738625,(334) 263-4221,http://www.rcmsouth.org,1,0,0,False,https://catholicindex.org/mass-times/marbury-alabama,2026-02-21T11:05:51.280833+00:00
us-al-montgomery-st-andrew-kim-taegon-ab010145,St. Andrew Kim Taegon,433 Clayton St,Montgomery,Alabama,32.37330144,-86.31666343,(334) 430-6453,http://mobarch.org/parishfinder,6,0,0,False,https://catholicindex.org/mass-times/marbury-alabama,2026-02-21T11:05:51.280833+00:00
us-al-montgomery-st-bede-the-venerable-61802517,St. Bede the Venerable,3870 Atlanta Hwy,Montgomery,Alabama,32.38299081,-86.24751484,(334) 272-3463,http://stbede.org,14,0,0,False,https://catholicindex.org/mass-times/montgomery-alabama,2026-02-21T11:06:30.177779+00:00
us-al-montgomery-st-john-the-baptist-d7a161b9,St. John the Baptist,543 S Union St,Montgomery,Alabama,32.37108338,-86.29945099,(334) 288-2850,http://mobarch.org/parishfinder,3,0,0,False,https://catholicindex.org/mass-times/montgomery-alabama,2026-02-21T11:06:30.177779+00:00
us-al-montgomery-the-city-of-st-jude-edb9ffcd,St. Jude,2048 W Fairview Ave,Montgomery,Alabama,32.35308535,-86.32706242,(334) 265-6791,http://www.cityofstjude.org/,10,0,0,False,https://catholicindex.org/mass-times/montgomery-alabama,2026-02-21T11:06:30.177779+00:00
us-al-montgomery-st-peter-cb75989b,St. Peter,219 Adams Ave,Montgomery,Alabama,32.37554087,-86.30588631,(334) 262-7304,http://www.stpetermontgomery.com/,5,0,0,False,https://catholicindex.org/mass-times/marbury-alabama,2026-02-21T11:05:51.280833+00:00
us-ms-moss-point-st-ann-63fec39d,Mission of St. Ann,21424 Hwy 613,Moss Point,Mississippi,30.65441787,-88.49138298,(228) 588-0599,http://stjosephmosspoint.com/st-ann-mission,2,0,0,False,https://catholicindex.org/mass-times/bayou-la-batre-alabama,2026-02-21T10:58:17.444235+00:00
us-ms-moss-point-st-joseph-the-worker-b5b533ae,St. Joseph,4114 First St,Moss Point,Mississippi,30.40137088,-88.51697344,(228) 475-0777,http://stjosephmosspoint.com/,0,0,0,False,https://catholicindex.org/mass-times/bayou-la-batre-alabama,2026-02-21T10:58:17.444235+00:00
us-al-moulton-chapel-of-the-resurrection-597c039e,Chapel of the Resurrection,33,Moulton,Alabama,34.5423125,-87.2028125,12569050330,https://www.moultoncatholics.org/,2,0,0,False,https://catholicindex.org/mass-times/athens-alabama,2026-02-21T10:58:01.026994+00:00
us-al-moulton-resurrection-catholic-parish-chapel-d747e8af,Resurrection Catholic Parish (Chapel) ,16335 Ct St,Moulton,Alabama,34.49304363,-87.26181621,256-476-0134,http://www.moultoncatholics.org/,2,0,0,False,https://catholicindex.org/mass-times/decatur-alabama,2026-02-21T11:00:57.116949+00:00
us-al-mount-vernon-mission-of-our-lady-of-sorrows-2d52dcc0,Mission of Our Lady of Sorrows,Mount Vernon Alabama 36553,Mount Vernon,Alabama,31.1661875,-88.1133125,12518295134,http://www.mobilearchdiocese.org/parishes/viewparish.cfm?pid=10322,0,0,0,False,https://catholicindex.org/mass-times/chatom-alabama,2026-02-21T10:59:43.545576+00:00
us-al-mount-vernon-st-cecilia-21529c7b,St. Cecilia,1305 Old Military Rd,Mount Vernon,Alabama,31.08641402,-88.0099511,(251) 829-9531,http://mobarch.org/parishfinder,1,0,0,False,https://catholicindex.org/mass-times/bay-minette-alabama,2026-02-21T10:58:15.941220+00:00
us-al-oneonta-church-of-corpus-christi-16b7801b,Corpus Christi,32015 State Hwy 75,Oneonta,Alabama,33.98375,-86.44125,12056256078,https://www.corpusc.com/,9,0,0,False,https://catholicindex.org/mass-times/albertville-alabama,2026-02-21T10:57:29.514323+00:00
us-al-oneonta-corpus-christi-5220eba2,Corpus Christi,32015 State Hwy 75,Oneonta,Alabama,33.97933136,-86.44370446,(205) 625-6078,http://corpusc.business.site,0,0,0,False,https://catholicindex.org/mass-times/albertville-alabama,2026-02-21T10:57:29.514323+00:00
us-al-opelika-st-mary-819fe2f2,St. Mary,1000 4th Ave,Opelika,Alabama,32.65056639,-85.38601906,(334) 749-8359,http://stmaryopelika.org,10,0,0,False,https://catholicindex.org/mass-times/auburn-alabama,2026-02-21T10:58:05.407764+00:00
us-al-orange-beach-st-thomas-by-the-sea-7cde0e25,St. Thomas by the Sea,26547 Perdido Beach Blvd (Hwy 182),Orange Beach,Alabama,30.27318045,-87.57222353,(251) 981-8132,http://www.stthomasbythesea.com/,6,0,0,False,https://catholicindex.org/mass-times/bon-secour-alabama,2026-02-21T10:58:43.557243+00:00
us-al-orrville-immaculate-conception-a42536b0,Mission of the Immaculate Conception,13663 AL-22 W,Orrville,Alabama,32.31030573,-87.23096733,(334) 874-8931,http://qpselma.com,4,0,0,False,https://catholicindex.org/mass-times/camden-alabama,2026-02-21T10:59:19.492974+00:00
us-al-ozark-st-john-the-evangelist-729d0784,St. John,475 Camilla Ave,Ozark,Alabama,31.44375908,-85.64865779,(334) 774-6826,http://sjccozark.weconnect.com,0,0,0,False,https://catholicindex.org/mass-times/clio-alabama,2026-02-21T11:00:01.509596+00:00
us-ms-pascagoula-our-lady-of-victories-4d391a7a,Our Lady of Victories,503 Convent St,Pascagoula,Mississippi,30.36554153,-88.55964518,(228) 762-1653,http://www.olvpascagoula.com/,9,0,0,False,https://catholicindex.org/mass-times/bayou-la-batre-alabama,2026-02-21T10:58:17.444235+00:00
us-ms-pascagoula-sacred-heart-8148570e,Sacred Heart,3702 Quinn Dr,Pascagoula,Mississippi,30.35279868,-88.52350123,(228) 762-1837,http://sacredheartpascagoula.com/ ,10,0,0,False,https://catholicindex.org/mass-times/bayou-la-batre-alabama,2026-02-21T10:58:17.444235+00:00
us-ms-pascagoula-st-peter-the-apostle-a4e6204f,St. Peter the Apostle,1715 Telephone Rd,Pascagoula,Mississippi,30.37456738,-88.54791399,(228) 762-1759,http://www.stpeterparishpascagoula.org,0,0,0,False,https://catholicindex.org/mass-times/bayou-la-batre-alabama,2026-02-21T10:58:17.444235+00:00
us-fl-pensacola-basilica-of-st-michael-the-archangel-9966cac8,Basilica of St. Michael the Archangel,21 N Palafox St,Pensacola,Florida,30.41397111,-87.21604499,(850) 438-4985,http://stmichaelbasilica.com/,11,0,0,False,https://catholicindex.org/mass-times/elberta-alabama,2026-02-21T11:01:33.075276+00:00
us-fl-pensacola-cathedral-of-the-sacred-heart-79195280,Cathedral of the Sacred Heart,1212 E Moreno St,Pensacola,Florida,30.43198319,-87.20400518,(850) 438-3131,http://shc.ptdiocese.org/,10,0,0,False,https://catholicindex.org/mass-times/elberta-alabama,2026-02-21T11:01:33.075276+00:00
us-fl-pensacola-holy-spirit-2d75901b,Holy Spirit,10650 Gulf Beach Hwy,Pensacola,Florida,30.32835328,-87.36812192,(850) 492-0837,http://www.holyspiritperdido.com/,8,0,0,False,https://catholicindex.org/mass-times/bon-secour-alabama,2026-02-21T10:58:43.557243+00:00
us-fl-pensacola-little-flower-e3769f2e,Little Flower,6495 Lillian Hwy,Pensacola,Florida,30.42258989,-87.29977991,(850) 455-5641,http://www.ptlittleflower.org/,12,0,0,False,https://catholicindex.org/mass-times/elberta-alabama,2026-02-21T11:01:33.075276+00:00
us-fl-pensacola-nativity-of-our-lord-758abfeb,Nativity of Our Lord,9945 Hillview Rd,Pensacola,Florida,30.54094514,-87.22201784,(850) 477-3221,http://www.nativityofourlordcc.org/,9,0,0,False,https://catholicindex.org/mass-times/elberta-alabama,2026-02-21T11:01:33.075276+00:00
us-fl-pensacola-our-lady-queen-of-martyrs-8ba0d4b6,Our Lady Queen of Martyrs,3295 Barrancas Ave,Pensacola,Florida,30.3950393,-87.25066449,(850) 324-5856,http://qom.ptdiocese.org/,16,0,0,False,https://catholicindex.org/mass-times/elberta-alabama,2026-02-21T11:01:33.075276+00:00
us-fl-pensacola-our-lady-of-loreto-chapel-pensacola-naval-air-station-7b0b9d75,Our Lady of Loreto Chapel (Pensacola Naval Air Station),250 Chambers Ave,Pensacola,Florida,30.35077015,-87.27334409,850-452-2342 x5,http://m.facebook.com/NavalAirStationPensacolaChapel/,0,0,0,False,https://catholicindex.org/mass-times/elberta-alabama,2026-02-21T11:01:33.075276+00:00
us-fl-pensacola-st-anthony-of-padua-2a02ef53,St Anthony of Padua Church,1804 N Davis Hwy,Pensacola,Florida,30.43245423,-87.21262581,(850) 438-3131,http://stanthony.ptdiocese.org/,1,0,0,False,https://catholicindex.org/mass-times/elberta-alabama,2026-02-21T11:01:33.075276+00:00
us-fl-pensacola-st-anne-83d56144,St. Anne,5200 Saufley Field Rd,Pensacola,Florida,30.46182373,-87.31929656,(850) 456-5966,http://www.saintannebellview.org/,12,0,0,False,https://catholicindex.org/mass-times/elberta-alabama,2026-02-21T11:01:33.075276+00:00
us-fl-pensacola-st-john-the-evangelist-3811525d,St. John the Evangelist,303 S Navy Blvd,Pensacola,Florida,30.38375383,-87.27831103,(850) 455-0356 ,http://www.stjohnpensacola.com/,10,0,0,False,https://catholicindex.org/mass-times/elberta-alabama,2026-02-21T11:01:33.075276+00:00
us-fl-pensacola-st-joseph-9e1575fd,St. Joseph,140 W Government St,Pensacola,Florida,30.40884097,-87.21781898,(850) 436-6461,http://stjoseph.ptdiocese.org,8,0,0,False,https://catholicindex.org/mass-times/elberta-alabama,2026-02-21T11:01:33.075276+00:00
us-fl-pensacola-st-mary-dbae50b9,St. Mary,401 Van Pelt Ln,Pensacola,Florida,30.47079832,-87.24889382,(850) 478-2797,http://www.stmarypensacola.org/,12,0,0,False,https://catholicindex.org/mass-times/elberta-alabama,2026-02-21T11:01:33.075276+00:00
us-fl-pensacola-st-paul-f431a810,St. Paul,3131 Hyde Park Rd,Pensacola,Florida,30.43934151,-87.17884954,(850) 434-2551,http://www.stpaulcatholic.net/,6,0,0,False,https://catholicindex.org/mass-times/lillian-alabama,2026-02-21T11:05:16.704218+00:00
us-fl-pensacola-st-stephen-fa7d824b,St. Stephen,900 W Garden St,Pensacola,Florida,30.41152097,-87.22817181,(850) 432-9362,http://latinmasspensacola.org,13,0,0,False,https://catholicindex.org/mass-times/elberta-alabama,2026-02-21T11:01:33.075276+00:00
us-fl-pensacola-st-thomas-more-9b5666fd,St. Thomas More,3295 Olde Barrancas Ave,Pensacola,Florida,30.39502773,-87.25135919,(850) 456-2543,http://stthomasmore.ptdiocese.org/,9,0,0,False,https://catholicindex.org/mass-times/elberta-alabama,2026-02-21T11:01:33.075276+00:00
us-fl-pensacola-st-thomas-more-cfefcd63,St. Thomas More,3295 Barrancas Ave,Pensacola,Florida,30.39493491,-87.25129378,850-456-2543,http://stthomasmore.ptdiocese.org/,11,0,0,False,https://catholicindex.org/mass-times/elberta-alabama,2026-02-21T11:01:33.075276+00:00
us-fl-pensacola-beach-our-lady-of-the-assumption-4fd10e1a,Mission of Our Lady of Assumption,920 Via de Luna,Pensacola Beach,Florida,30.33799213,-87.11251049,(850) 932-2859,http://stanngulfbreeze.org/,7,0,0,False,https://catholicindex.org/mass-times/lillian-alabama,2026-02-21T11:05:16.704218+00:00
us-al-phenix-city-church-of-the-mother-mary-f50744c9,Mother Mary,318 Seale Rd,Phenix City,Alabama,32.4519375,-85.0061875,13342982343,http://www.mobilearchdiocese.org/parishes/viewparish.cfm?pid=10191,0,0,0,False,https://catholicindex.org/mass-times/fort-mitchell-alabama,2026-02-21T11:02:22.650676+00:00
us-al-phenix-city-st-patrick-b32f53aa,St. Patrick,1502 Broad St,Phenix City,Alabama,32.47430605,-85.0004671,(334) 298-9025,http://www.stpatsphenixcity.org,7,0,0,False,https://catholicindex.org/mass-times/fort-mitchell-alabama,2026-02-21T11:02:22.650676+00:00
us-al-piedmont-st-joachim-7937555d,St. Joachim,555 Babbling Brook Rd,Piedmont,Alabama,33.91316602,-85.6031624,(256) 435-3238,http://www.stcharlescatholicchurch.com/,0,0,0,False,https://catholicindex.org/mass-times/anniston-alabama,2026-02-21T10:57:47.440125+00:00
us-ga-pine-mountain-christ-the-king-134895ea,Christ the King,6700 GA Hwy 354,Pine Mountain,Georgia,32.85339851,-84.86386478,(706) 663-0090,http://christthekingpinemountain.org/,6,0,0,False,https://catholicindex.org/mass-times/lanett-alabama,2026-02-21T11:04:58.692992+00:00
us-ga-pine-mountain-christ-the-king-catholic-church-8cc7dabf,Christ the King Catholic Church,6700 GA-354,Pine Mountain,GA,32.8537385,-84.8640132,+1-706-663-0090,https://www.christthekingpinemountain.org/,6,0,0,False,https://catholicindex.org/mass-times/lanett-alabama,2026-02-21T11:04:58.692992+00:00
us-al-plateau-our-mother-of-mercy-75dfa85b,Mission of Our Mother of Mercy,809 E St,Plateau,Alabama,30.73384391,-88.05771779,(251) 473-4975 or (251) 207-1123 (Emergencies),http://ourmotherofmercymobile.org,1,0,0,False,https://catholicindex.org/mass-times/bay-minette-alabama,2026-02-21T10:58:15.941220+00:00
us-al-prattville-st-joseph-76b6542d,St. Joseph,511 N Memorial Dr,Prattville,Alabama,32.47334576,-86.45258892,(334) 365-8680,http://www.stjosephprattville.org,9,0,0,False,https://catholicindex.org/mass-times/marbury-alabama,2026-02-21T11:05:51.280833+00:00
us-al-prichard-st-james-major-5c9babad,St. James Major,714 N College St,Prichard,Alabama,30.72784879,-88.0929054,(251) 456-6842,http://www.stjamesmajor.org/,6,0,0,False,https://catholicindex.org/mass-times/bay-minette-alabama,2026-02-21T10:58:15.941220+00:00
us-al-reform-st-robert-bellarmine-75974dc5,St. Robert Bellarmine,407 Hwy 17 S,Reform,Alabama,33.38214126,-88.01378894,205-758-5672,$undefined,0,0,0,False,https://catholicindex.org/mass-times/reform-alabama,2026-02-21T11:08:34.698145+00:00
us-al-reform-st-robert-bellarmine-catholic-church-4daec068,St. Robert Bellarmine Catholic Church,415 4th Ave SE,Reform,AL,33.3754557,-88.0204419,+1-205-375-2638,$undefined,0,0,0,False,https://catholicindex.org/mass-times/reform-alabama,2026-02-21T11:08:34.698145+00:00
us-al-roanoke-church-of-the-immaculate-conception-34789530,Immaculate Conception,1256 Main St,Roanoke,Alabama,33.1563125,-85.3788125,13347109927,https://www.bhmdiocese.org/parishfinder,0,0,0,False,https://catholicindex.org/mass-times/lanett-alabama,2026-02-21T11:04:58.692992+00:00
us-al-robertsdale-st-patrick-44bbc43d,St. Patrick,23035 Hwy 59 N,Robertsdale,Alabama,30.56073361,-87.71560227,(251) 947-5054,http://stpatcatholic.com,8,0,0,False,https://catholicindex.org/mass-times/bay-minette-alabama,2026-02-21T10:58:15.941220+00:00
us-al-russellville-good-shepherd-658a9c63,Good Shepherd,1700 N Jackson Ave,Russellville,Alabama,34.52100241,-87.72382406,(256) 332-4861,http://www.bhmdiocese.org/parishfinder,6,0,0,False,https://catholicindex.org/mass-times/florence-alabama,2026-02-21T11:02:13.616773+00:00
us-tn-saint-joseph-st-joseph-2078a2f5,St. Joseph,304 American Blvd,Saint Joseph,Tennessee,35.03325984,-87.50327828,931-853-4370,http://shsjparishes.com/,5,0,0,False,https://catholicindex.org/mass-times/florence-alabama,2026-02-21T11:02:13.616773+00:00
us-al-scottsboro-st-jude-00447081,St. Jude,17205 Alabama Hwy 35,Scottsboro,Alabama,34.68049002,-86.08107793,(256) 574-6156,https://www.facebook.com/profile.php?id=111640122232623&paipv=0&eav=AfbqLzDJfSONaTUVV4WRiUla4s4bQu0v,0,0,0,False,https://catholicindex.org/mass-times/scottsboro-alabama,2026-02-21T11:09:10.780432+00:00
us-al-selma-our-lady-queen-of-peace-07ee9e85,Our Lady Queen of Peace,309 Washington St,Selma,Alabama,32.41099286,-87.02076738,(334) 874-8931,http://qpselma.com,4,0,0,False,https://catholicindex.org/mass-times/orrville-alabama,2026-02-21T11:07:28.741676+00:00
us-al-semmes-holy-name-of-jesus-9e84e48b,Holy Name of Jesus,2275 Snow Rd N,Semmes,Alabama,30.73739058,-88.27719962,(251) 649-4794,http://www.hnjcatholic.com,8,0,0,False,https://catholicindex.org/mass-times/bayou-la-batre-alabama,2026-02-21T10:58:17.444235+00:00
us-al-spanish-fort-blessed-francis-xavier-seelos-c332fc72,Blessed Francis Xavier Seelos ,31122 US Hwy 31,Spanish Fort,Alabama,30.67796689,-87.81621736,(251) 288-4500,http://francisxseelos.org/,7,0,0,False,https://catholicindex.org/mass-times/bay-minette-alabama,2026-02-21T10:58:15.941220+00:00
us-al-sylacauga-st-jude-a7940ea7,St. Jude,310 W Bay St,Sylacauga,Alabama,33.15808517,-86.25579369,(256) 245-7741,https://www.facebook.com/stjudecatholicchurchsylacauga/,0,0,0,False,https://catholicindex.org/mass-times/alexander-city-alabama,2026-02-21T10:57:30.975183+00:00
us-al-talladega-st-francis-of-assisi-02a256f7,St. Francis of Assisi,722 E St S,Talladega,Alabama,33.42547468,-86.10036806,(256) 362-5372 or (256) 391-5203,https://www.bhmdiocese.org/parishfinder,5,0,0,False,https://catholicindex.org/mass-times/anniston-alabama,2026-02-21T10:57:47.440125+00:00
us-al-tallassee-st-vincent-de-paul-16f1a520,St. Vincent de Paul,620 Gilmer Ave,Tallassee,Alabama,32.54434367,-85.90726606,(334) 283-2169 or (251) 599-4597,http://www.stvincent-tallassee.com,5,0,0,False,https://catholicindex.org/mass-times/montgomery-alabama,2026-02-21T11:06:30.177779+00:00
us-al-theodore-st-philip-neri-169d31d1,St. Philip Neri,9101 Dauphin Island Pkwy (Belle Fontaine),Theodore,Alabama,30.501802,-88.11045484,(251) 973-2096,http://stsphilipandmichael.com,8,0,0,False,https://catholicindex.org/mass-times/bayou-la-batre-alabama,2026-02-21T10:58:17.444235+00:00
us-al-thomasville-mission-of-st-joseph-e4f7ae84,Mission of St. Joseph,W Front St,Thomasville,Alabama,31.9245625,-87.7359375,12512753665,http://www.mobilearchdiocese.org/parishes/viewparish.cfm?pid=10330,0,0,0,False,https://catholicindex.org/mass-times/grove-hill-alabama,2026-02-21T11:03:25.546722+00:00
us-ga-trion-catholic-church-pastoral-center-d7df6352,Catholic Church Pastoral Center,701 Allgood St,Trion,GA,34.5403226,-85.3214164,+1-706-295-7014,https://archatl.com/es/parroquias/directorio-de-las-parroquias-y-misiones/,17,0,0,False,https://catholicindex.org/mass-times/fort-payne-alabama,2026-02-21T11:02:24.151083+00:00
us-al-troy-st-martin-of-tours-b05af15f,St. Martin of Tours,725 Elba Hwy,Troy,Alabama,31.77816342,-85.9619342,(334) 566-2630,http://stmartintroy.com/,5,0,0,False,https://catholicindex.org/mass-times/clio-alabama,2026-02-21T11:00:01.509596+00:00
us-al-trussville-holy-infant-of-prague-f18f1b7c,Holy Infant of Prague,8090 Gadsden Hwy (Hwy 11),Trussville,Alabama,33.6603357,-86.54861045,(205) 655-2541,http://www.hiopcc.org/,8,0,0,False,https://catholicindex.org/mass-times/adamsville-alabama,2026-02-21T10:57:20.542006+00:00
us-al-tuscaloosa-holy-spirit-7c56dc0e,Holy Spirit,733 James I Harrison Jr Pkwy E,Tuscaloosa,Alabama,33.17397283,-87.52654654,(205) 553-9733,http://www.hschurch.com/,10,0,0,False,https://catholicindex.org/mass-times/tuscaloosa-alabama,2026-02-21T11:10:33.370056+00:00
us-al-tuscaloosa-st-francis-of-assisi-university-parish-f7bed48c,St. Francis University Parish,811 5th Ave,Tuscaloosa,Alabama,33.20782965,-87.54147571,(205) 758-5672,http://stfrancisuofa.com/,7,0,0,False,https://catholicindex.org/mass-times/tuscaloosa-alabama,2026-02-21T11:10:33.370056+00:00
us-al-tuscaloosa-st-john-the-baptist-b73c59c2,St. John the Baptist,800 Lurleen B Wallace Blvd N,Tuscaloosa,Alabama,33.20632264,-87.56863438,(205) 553-9733,http://www.hschurch.com/,10,0,0,False,https://catholicindex.org/mass-times/tuscaloosa-alabama,2026-02-21T11:10:33.370056+00:00
us-al-tuscumbia-our-lady-of-the-shoals-a199e5b8,Our Lady of the Shoals,200 E Commons St N,Tuscumbia,Alabama,34.73318416,-87.68775118,(256) 383-7207,http://www.ourladyoftheshoals.org,11,0,0,False,https://catholicindex.org/mass-times/florence-alabama,2026-02-21T11:02:13.616773+00:00
us-al-tuskegee-st-joseph-e6e2b48b,St. Joseph,2007 W Montgomery Rd,Tuskegee,Alabama,32.42151974,-85.71528443,(251) 599-4597,http://stjoseph-tuskegee.org/,3,0,0,False,https://catholicindex.org/mass-times/auburn-alabama,2026-02-21T10:58:05.407764+00:00
us-al-union-springs-st-pius-x-mission-288fcdf4,Mission of St. Pius X,308 Kennon St,Union Springs,Alabama,32.14766866,-85.7208278,(334) 687-3716,http://mobarch.org/parishfinder,6,0,0,False,https://catholicindex.org/mass-times/tuskegee-alabama,2026-02-21T11:10:36.317905+00:00
us-ms-vancleave-holy-spirit-01855005,Holy Spirit,6705 Jim Ramsey Rd,Vancleave,Mississippi,30.53797569,-88.72110665,(228)283-5252,https://www.holyspiritcc.com,8,0,0,False,https://catholicindex.org/mass-times/grand-bay-alabama,2026-02-21T11:03:16.668215+00:00
us-al-warrior-st-henry-a9ca5f59,St. Henry,511 5th St,Warrior,Alabama,33.81865206,-86.81165301,(205) 631-9398,http://www.sthenrywarrior.org/,4,0,0,False,https://catholicindex.org/mass-times/adamsville-alabama,2026-02-21T10:57:20.542006+00:00
us-al-wedowee-immaculate-conception-715b85b5,Immaculate Conception ,506 County Rd 1,Wedowee,Alabama,33.30403696,-85.51362101,(256 357-2977,http://immaculateconceptional.org/,3,0,0,False,https://catholicindex.org/mass-times/ashland-alabama,2026-02-21T10:57:57.995243+00:00
us-al-west-mount-vernon-st-theresa-fa77dea3,St. Theresa,1875 Coy Smith Hwy,West Mount Vernon,Alabama,31.10927428,-88.08356733,(251) 829-6900,http://www.facebook.com/StTheresaCatholicChurch,0,0,0,False,https://catholicindex.org/mass-times/bay-minette-alabama,2026-02-21T10:58:15.941220+00:00
us-al-wetumpka-our-lady-of-guadalupe-4e17ee37,Our Lady of Guadalupe,545 White Rd,Wetumpka,Alabama,32.5511508,-86.27944405,(334) 567-0047,http://ologchurch.org,9,0,0,False,https://catholicindex.org/mass-times/marbury-alabama,2026-02-21T11:05:51.280833+00:00
us-al-wetumpka-our-lady-of-guadalupe-catholic-a8706af7,Our Lady of Guadalupe Catholic,545 White Rd,Wetumpka,AL,32.5511937,-86.2793997,+1-334-567-0047,https://ologchurch.org/,9,0,0,False,https://catholicindex.org/mass-times/marbury-alabama,2026-02-21T11:05:51.280833+00:00
us-al-whistler-st-bridget-80868c0e,St. Bridget,3625 W Main St,Whistler,Alabama,30.75753323,-88.11329955,(251) 452-9837 or (251) 454-4866 (Emergencies),http://stthomastheapostlecatholicchurch.com/wordpress/,0,0,0,False,https://catholicindex.org/mass-times/bay-minette-alabama,2026-02-21T10:58:15.941220+00:00
us-al-winfield-holy-spirit-d7490f13,Holy Spirit,2710 US Hwy 43 N,Winfield,Alabama,33.9393834,-87.84202585,(205) 487-3616,http://www.facebook.com/highway43n/,0,0,0,False,https://catholicindex.org/mass-times/fayette-alabama,2026-02-21T11:02:04.524573+00:00
