name,total_count,rank
John,5000000,1
Michael,4800000,2
James,4500000,3
Robert,4200000,4
William,4000000,5
David,3800000,6
Richard,3500000,7
Joseph,3200000,8
Thomas,3000000,9
Charles,2800000,10
Christopher,2500000,11
Daniel,2400000,12
Matthew,2300000,13
Anthony,2200000,14
Mark,2100000,15
Donald,2000000,16
Steven,1900000,17
Paul,1800000,18
Andrew,1700000,19
Joshua,1600000,20
Kenneth,1500000,21
Kevin,1400000,22
Brian,1300000,23
George,1200000,24
Edward,1100000,25
Ronald,1000000,26
Timothy,950000,27
Jason,900000,28
Jeffrey,850000,29
Ryan,800000,30
Jacob,750000,31
Gary,700000,32
Nicholas,650000,33
Eric,600000,34
Jonathan,580000,35
Stephen,560000,36
Larry,540000,37
Justin,520000,38
Scott,500000,39
Brandon,480000,40
Benjamin,460000,41
Samuel,440000,42
Frank,420000,43
Gregory,400000,44
Raymond,380000,45
Alexander,360000,46
Patrick,340000,47
Jack,320000,48
Dennis,300000,49
Jerry,280000,50
Mary,5000000,51
Patricia,4500000,52
Jennifer,4000000,53
Linda,3800000,54
Barbara,3600000,55
Elizabeth,3400000,56
Susan,3200000,57
Jessica,3000000,58
Sarah,2800000,59
Karen,2600000,60
Lisa,2400000,61
Nancy,2200000,62
Betty,2000000,63
Margaret,1800000,64
Sandra,1600000,65
Ashley,1500000,66
Dorothy,1400000,67
Kimberly,1300000,68
Emily,1200000,69
Donna,1100000,70
Michelle,1050000,71
Carol,1000000,72
Amanda,950000,73
Melissa,900000,74
Deborah,850000,75
Stephanie,800000,76
Rebecca,750000,77
Sharon,700000,78
Laura,650000,79
Cynthia,600000,80
Kathleen,580000,81
Amy,560000,82
Angela,540000,83
Shirley,520000,84
Anna,500000,85
Brenda,480000,86
Pamela,460000,87
Emma,440000,88
Nicole,420000,89
Helen,400000,90
Samantha,380000,91
Katherine,360000,92
Christine,340000,93
Debra,320000,94
Rachel,300000,95
Carolyn,280000,96
Janet,260000,97
Catherine,240000,98
Maria,220000,99
Heather,200000,100
